id,marca,nome,categoria,tipo,n_varianti,prezzo_da,prezzo_a,url
26626,airrus,AIRrus Mercurial Casting Monopezzo,Spinning e Casting,grouped,1,180.00,180.00,https://clanpesca.com/prodotto/airrus-mercurial-casting-monopezzo/
26611,airrus,AIRrus Mercurial Spinning Monopezzo,Spinning e Casting,grouped,1,229.00,229.00,https://clanpesca.com/prodotto/airrus-mercurial-spinning-monopezzo/
26637,airrus,AIRrus Spinning Marmorea,Spinning e Casting,simple,0,299.99,299.99,https://clanpesca.com/prodotto/airrus-spinning-marmorea/
26601,airrus,AIRrus Ultra Spinning 2 Pezzi,Spinning e Casting,grouped,1,148.00,148.00,https://clanpesca.com/prodotto/airrus-ultra-spinning-2-pezzi/
33112,ardent,Spray Anticorrosione Ardent Reel Guard per Mulinelli e Attrezzatura da Mare,Lubrificanti e Manutenzione,simple,0,7.60,7.60,https://clanpesca.com/prodotto/spray-anticorrosione-ardent-reel-guard-per-mulinelli-e-attrezzatura-da-mare/
15547,bait-breath,Bait Breath Bys Craw 3.5,Creature & Craw,grouped,1,4.95,4.95,https://clanpesca.com/prodotto/baith-breath-bys-craw-3-5/
15537,bait-breath,Bait Breath Bys Craw 4.5,Creature & Craw,grouped,2,4.95,4.95,https://clanpesca.com/prodotto/baith-breath-bys-craw-4-5/
33460,bass-puzzle,Bass Puzzle Grass Piece,Luccio,grouped,6,21.98,22.98,https://clanpesca.com/prodotto/bass-puzzle-grass-piece/
33473,bass-puzzle,Bass Puzzle Grass Piece Flex 5/8 Oz,Luccio,grouped,2,22.98,22.98,https://clanpesca.com/prodotto/bass-puzzle-grass-piece-flex-5-8-oz/
20277,big-one,Big One Cappellino NU STAR Classic,Abbigliamento,grouped,2,42.00,42.00,https://clanpesca.com/prodotto/big-one-cappellino-nu-star-classic/
20270,big-one,"Big One Cappellino Snapback ""BOLD""",Abbigliamento,grouped,2,35.00,35.00,https://clanpesca.com/prodotto/big-one-cappellino-snapback-bold/
20259,big-one,"Big One Cappellino Snapback ""CLASSIC""",Cappellini,grouped,2,35.00,35.00,https://clanpesca.com/prodotto/big-one-cappellino-snapback-classic/
20239,big-one,Big One Maglia Cappuccio Protezione UPF50+ “AMAZZONIA”,Abbigliamento,grouped,2,117.00,117.00,https://clanpesca.com/prodotto/big-one-maglia-cappuccio-protezione-upf50-amazzonia/
20226,big-one,Big One Maglia Protezione Solare UPF50+ “DARSA” Trama Batimetrica,Abbigliamento,grouped,2,75.00,75.00,https://clanpesca.com/prodotto/big-one-maglia-protezione-solare-upf50-darsa-trama-batimetrica/
20290,big-one,Big One Sacca Porta Esche WRAP 8',Mare,simple,0,72.00,72.00,https://clanpesca.com/prodotto/big-one-sacca-porta-esche-wrap-8/
20339,big-one,Big One T-Shirt “BASIC” – Regular Fit Bianco,Abbigliamento,grouped,2,32.00,32.00,https://clanpesca.com/prodotto/big-one-t-shirt-basic-regular-fit-bianco/
20344,big-one,Big One T-Shirt “BASIC” – Regular Fit Nero,Abbigliamento,grouped,3,32.00,32.00,https://clanpesca.com/prodotto/big-one-t-shirt-basic-regular-fit-nero/
20359,big-one,Big One T-Shirt “FTCZ MOSQUITO EDITION” Grigio Scuro,Abbigliamento,grouped,2,42.00,42.00,https://clanpesca.com/prodotto/big-one-t-shirt-ftcz-mosquito-edition-regular-fit-grigio-scuro/
20352,big-one,Big OneT-Shirt “PICKY” – Regular Fit Senape,Abbigliamento,grouped,2,37.00,37.00,https://clanpesca.com/prodotto/la-big-onet-shirt-picky-regular-fit-senape/
23307,bkk,Amo BKK Muse,Spinning e Casting,grouped,7,5.50,5.50,https://clanpesca.com/prodotto/amo-bkk-muse/
23200,bkk,Amo BKK Titan Diver+,Mare,grouped,5,10.50,14.90,https://clanpesca.com/prodotto/amo-bkk-titan-diver/
23210,bkk,Amo BKK Titan Rider,Mare,grouped,6,7.90,10.00,https://clanpesca.com/prodotto/amo-bkk-titan/
23331,bkk,BKK Assist Spear 21 SS,Spinning e Casting,grouped,7,8.90,8.90,https://clanpesca.com/prodotto/bkk-assist-spear-21/
23338,bkk,BKK Assist Spear UVO,Spinning e Casting,grouped,7,9.90,9.90,https://clanpesca.com/prodotto/bkk-assist-spear-uvo/
26220,bkk,BKK Basilisk,Spinning e Casting,grouped,6,5.50,5.50,https://clanpesca.com/prodotto/bkk-basilisk/
28015,bkk,BKK CHAIN-21 STINGER,Luccio,grouped,3,5.99,5.99,https://clanpesca.com/prodotto/bkk-chain-21-stinger/
23446,bkk,BKK Chaser Punch LRF,Mare,grouped,7,6.50,6.50,https://clanpesca.com/prodotto/bkk-chaser-punch-lrf/
23257,bkk,BKK Chimera,Spinning e Casting,grouped,7,5.80,5.80,https://clanpesca.com/prodotto/bkk-chimera/
24618,bkk,BKK Complete Armor Point OCD Kit,Spinning e Casting,simple,0,275.00,275.00,https://clanpesca.com/prodotto/bkk-complete-armor-point/
23393,bkk,BKK Crane Swivel 62,Mare,grouped,6,4.00,4.00,https://clanpesca.com/prodotto/bkk-crane-swivel-62/
26309,bkk,BKK Dropshot Armor Point,Spinning e Casting,grouped,5,5.50,5.50,https://clanpesca.com/prodotto/bkk-dropshot-armor-point/
26268,bkk,BKK Dropshot Long Shank Armor Point,Spinning e Casting,grouped,5,6.49,6.49,https://clanpesca.com/prodotto/bkk-dropshot-long-shank/
23239,bkk,BKK DSS Worm,Spinning e Casting,grouped,4,4.50,4.50,https://clanpesca.com/prodotto/bkk-dss-worm/
23242,bkk,BKK DSS Worm UVO,Spinning e Casting,grouped,3,4.50,4.50,https://clanpesca.com/prodotto/bkk-dss-worm-uvo/
23370,bkk,BKK Duolock Snap 51,Mare,grouped,6,3.50,3.50,https://clanpesca.com/prodotto/bkk-duolock-snap-51-2/
23351,bkk,BKK IWS Lead,Siluro,grouped,3,4.70,5.50,https://clanpesca.com/prodotto/bkk-iws-lead/
23228,bkk,BKK Native 12 BL SS,Spinning e Casting,grouped,4,8.50,8.50,https://clanpesca.com/prodotto/bkk-native-12-bl-ss/
23220,bkk,BKK Native 12 SS,Spinning e Casting,grouped,7,8.50,8.50,https://clanpesca.com/prodotto/bkk-native-12-ss/
23408,bkk,BKK Nemesis,Spinning e Casting,grouped,6,5.50,5.50,https://clanpesca.com/prodotto/bkk-nemesis/
25231,bkk,BKK OCD Accessory Box-S,Luccio,simple,0,4.99,4.99,https://clanpesca.com/prodotto/bkk-ocd-accessory-box-s/
25220,bkk,BKK OCD Tackle System-A2,Luccio,simple,0,24.99,24.99,https://clanpesca.com/prodotto/bkk-tackle-system-a2/
25225,bkk,BKK OCD Tackle System-A2 Loaded,Luccio,simple,0,39.00,39.00,https://clanpesca.com/prodotto/tackle-system-a2-loaded/
26255,bkk,BKK Permalock Weighted,Minuteria,grouped,5,7.90,9.10,https://clanpesca.com/prodotto/bkk-permalock-weighted/
26218,bkk,BKK Predator WG Weedless,Spinning e Casting,grouped,5,6.90,6.90,https://clanpesca.com/prodotto/bkk-predator-wg-weedless/
23216,bkk,BKK Reefmaster NP,Mare,grouped,4,11.50,11.50,https://clanpesca.com/prodotto/bkk-reefmaster-np/
23473,bkk,BKK Rolling Swivel 32,Mare,grouped,6,2.60,2.60,https://clanpesca.com/prodotto/bkk-rolling-swivel-32/
23466,bkk,BKK Round Elite Classic,Siluro,grouped,23,4.10,5.80,https://clanpesca.com/prodotto/bkk-round-elite-classic/
24382,bkk,BKK Short Sleeve Casual Shirt Brand Values Pike,Abbigliamento,grouped,3,45.00,45.00,https://clanpesca.com/prodotto/bkk-short-sleeve-casual-shirt/
26342,bkk,BKK Silent Chaser EWG,Luccio,grouped,11,6.50,6.50,https://clanpesca.com/prodotto/bkk-silent-chaser-ewg/
26236,bkk,BKK Siren,Spinning e Casting,grouped,4,4.95,4.95,https://clanpesca.com/prodotto/bkk-siren/
26235,bkk,BKK Siren #2/0,Spinning e Casting,simple,0,4.95,4.95,https://clanpesca.com/prodotto/bkk-siren-2-0-2/
26233,bkk,BKK Siren #4/0,Spinning e Casting,simple,0,4.95,4.95,https://clanpesca.com/prodotto/bkk-siren-4-0/
26234,bkk,BKK Siren #5/0,Spinning e Casting,simple,0,4.95,4.95,https://clanpesca.com/prodotto/bkk-siren-5-0/
23310,bkk,BKK Spear 21 SS,Mare,grouped,10,8.90,8.90,https://clanpesca.com/prodotto/bkk-spear-21-ss/
23423,bkk,BKK Spear 21 UVC,Siluro,grouped,4,9.00,10.00,https://clanpesca.com/prodotto/bkk-spear-21-uvc/
23326,bkk,BKK Spear 21 UVO,Mare,grouped,9,8.95,10.00,https://clanpesca.com/prodotto/bkk-spear-21-uvo/
23233,bkk,BKK Spirit Walker,Spinning e Casting,grouped,2,4.20,4.20,https://clanpesca.com/prodotto/bkk-spirit-walker/
23471,bkk,BKK Split Ring 41,Mare,grouped,3,4.00,4.00,https://clanpesca.com/prodotto/bkk-split-ring-41/
23384,bkk,BKK Split Ring 51,Mare,grouped,6,7.00,7.00,https://clanpesca.com/prodotto/bkk-split-ring-51/
30052,bkk,BKK Spoon-10 SS,Trout Area,grouped,3,4.20,4.20,https://clanpesca.com/prodotto/bkk-spoon-10-ss/
26287,bkk,BKK Titan Diver,Luccio,grouped,8,8.90,10.50,https://clanpesca.com/prodotto/bkk-titan-diver/
32533,bkk,BKK Trailer Hook,Luccio,grouped,3,4.99,4.99,https://clanpesca.com/prodotto/bkk-trailer-hook/
23342,bkk,BKK Trigger 21,Siluro,grouped,4,9.50,11.90,https://clanpesca.com/prodotto/bkk-trigger-21/
23346,bkk,BKK Trigger 21 UVO,Siluro,grouped,2,11.90,11.90,https://clanpesca.com/prodotto/bkk-trigger-21-uvo/
23360,bkk,BKK Trigger Lead,Siluro,grouped,3,4.80,4.80,https://clanpesca.com/prodotto/bkk-trigger-lead/
23418,bkk,BKK Viper 41,Mare,grouped,4,11.55,12.00,https://clanpesca.com/prodotto/bkk-viper-41/
29802,bkk,Felpa BKK  Hoodie Zander Grey,Abbigliamento,grouped,5,59.99,59.99,https://clanpesca.com/prodotto/felpa-bkk-hoodie-zander-grey/
24311,bkk,Felpa BKK Hoodie Cappuccio Black,Abbigliamento,grouped,3,59.00,59.00,https://clanpesca.com/prodotto/felpa-bkk-hoodie-cappuccio-black/
29812,bkk,Felpa BKK Hoodie Pike Black,Abbigliamento,grouped,6,59.99,59.99,https://clanpesca.com/prodotto/felpa-bkk-hoodie-pike-black/
33184,bkk,Felpa con Cappuccio BKK Hoodie Black Camo,Abbigliamento,grouped,4,62.00,62.00,https://clanpesca.com/prodotto/felpa-con-cappuccio-bkk-hoodie-black-camo/
24318,bkk,Giacca impermeabile BKK Rain Jacket,Abbigliamento,grouped,3,340.00,340.00,https://clanpesca.com/prodotto/giacca-impermeabile-bkk-rain-jacket/
24326,bkk,Giacca Softshell BKK Softshell Jacket Black,Abbigliamento,grouped,2,105.00,105.00,https://clanpesca.com/prodotto/giacca-softshell-bkk-softshell-jacket-black/
24342,bkk,Guanti BKK Opala Gloves,Abbigliamento,grouped,3,28.50,28.50,https://clanpesca.com/prodotto/guanti-bkk-opala-gloves-2/
24388,bkk,Pile Fleece BKK Black,Abbigliamento,grouped,3,55.00,55.00,https://clanpesca.com/prodotto/pile-fleece-bkk-black/
30030,blackbay,Blackbay BlackBug Beetle,Luccio,grouped,10,39.95,39.95,https://clanpesca.com/prodotto/blackbay-blackbug-beetle/
30043,blackbay,Blackbay BlackBug Beetle Junior,Luccio,grouped,5,29.95,29.95,https://clanpesca.com/prodotto/blackbay-blackbug-beetle-junior/
30065,blackbay,Blackbay Blackshad Cm 20,Luccio,grouped,6,11.70,11.70,https://clanpesca.com/prodotto/blackbay-blackshad-cm-20/
30074,blackbay,Blackbay Blackshad Cm 24,Luccio,grouped,6,13.70,13.70,https://clanpesca.com/prodotto/blackbay-blackshad-cm-24/
30084,blackbay,Blackbay Blackshad Cm 28,Luccio,grouped,8,21.80,21.80,https://clanpesca.com/prodotto/blackbay-blackshad-cm-28/
30094,blackbay,Blackbay Blackshad Cm 32,Luccio,grouped,8,26.80,26.80,https://clanpesca.com/prodotto/blackbay-blackshad-cm-32/
30108,blackbay,Blackbay Blacktail Rooster Jr Cm 14,Luccio,grouped,5,3.70,3.70,https://clanpesca.com/prodotto/blackbay-blacktail-rooster-jr-cm-14/
30122,blackbay,Blackbay BlackTail Shad Jr Cm 13,Luccio,grouped,5,3.70,3.70,https://clanpesca.com/prodotto/blackbay-blacktail-shad-jr-cm-13/
31642,blackbay,Blacktail Rooster S Cm 19 Gr 45,Luccio,grouped,10,8.70,8.70,https://clanpesca.com/prodotto/blacktail-rooster-s-cm-19-gr-45/
31668,blackbay,Blacktail Shad S Cm 16.5 Gr 50,Luccio,grouped,10,8.70,8.70,https://clanpesca.com/prodotto/blacktail-shad-s-cm-16-5-gr-50/
24937,bone,Bone Entice Topwater Cm11 Gr 20,Luccio,grouped,6,29.99,29.99,https://clanpesca.com/prodotto/bone-entice-topwater/
26983,bone,Bone Espybarra 176 mm 61 gr,Luccio,grouped,6,49.00,49.00,https://clanpesca.com/prodotto/bone-espybarra-176-mm-61-gr/
24965,bone,Bone Focus Swimbait Cm13 Gr 40,Luccio,grouped,14,34.90,34.90,https://clanpesca.com/prodotto/bone-focus-swimbait-130mm-40g/
24984,bone,Bone Fury TopWater Cm13 Gr 39,Luccio,grouped,7,39.00,39.00,https://clanpesca.com/prodotto/bone-fury-topwater-cm13-gr-39/
29738,bone,"Bone Heartcore BHC6112LS Spinning 6'.11"" Gr 3/14",Mare,simple,0,399.00,399.00,https://clanpesca.com/prodotto/bone-heartcore-bhc6112ls-spinning-6-11-gr-3-14/
28339,bone,Bone Heartcore Spinning BHC862MHS 2 Pz,Mare,simple,0,399.00,399.00,https://clanpesca.com/prodotto/canna-heartcore-bone-spinning-bhc862mhs-2-pz/
24993,bone,Bone Hoverjet 100 TopWater Cm 10 Gr 16,Luccio,grouped,4,29.99,29.99,https://clanpesca.com/prodotto/bone-hoverjet-100-topwater-cm-10-gr-16/
25004,bone,Bone Hoverjet 130 Cm 13 Gr 28,Luccio,grouped,6,33.99,33.99,https://clanpesca.com/prodotto/bone-hoverjet-130/
27024,bone,Bone Lyra 100F 100 mm 17 Gr,Spinning e Casting,grouped,6,29.95,29.95,https://clanpesca.com/prodotto/bone-lyra-100f-100-mm-17-gr/
27004,bone,Bone Versal 190F 190 MM 150 Gr,Luccio,grouped,9,49.00,49.00,https://clanpesca.com/prodotto/bone-versal-190f-190-mm-150-gr/
29138,bone,"Bone Voyage BVC704M 7'.0"" Gr 7/21",Spinning e Casting,simple,0,369.00,369.00,https://clanpesca.com/prodotto/bone-voyage-bvc704m-7-0-gr-7-21/
29119,bone,"Bone Voyage Salt Finesse BVS684L 6'.8"" Gr 1/12",Mare,simple,0,319.00,319.00,https://clanpesca.com/prodotto/bone-voyage-salt-finesse-bvs684l-6-3-gr-1-12/
29142,bone,"Bone Voyage X BXC764XXXH BBS 7'.6"" Gr 21/140",Luccio,simple,0,459.00,459.00,https://clanpesca.com/prodotto/bone-voyage-x-bxc764xxxh-bbs-7-6-gr-21-140/
29730,bone,"Bone Voyage X BXS704XH 7'.0"" Gr 14/70",Luccio,simple,0,365.00,365.00,https://clanpesca.com/prodotto/bone-voyage-x-bxs704xh-7-0-gr-14-70/
29131,bone,"Bone Voyage X BXS904MH 9'.0"" Gr 10/40",Mare,simple,0,445.00,445.00,https://clanpesca.com/prodotto/bone-voyage-x-bxs904mh-9-0-gr-10-40/
25047,bone,Canna Bone Ocean Thug 601L Casting PE 0.8-2.0,Mare,simple,0,269.00,269.00,https://clanpesca.com/prodotto/bone-ocean-thug-601l/
32309,bone,"Canna Casting Bone GBS BVC764XXXXH 7'.6"" Gr 280 Heavy Fast",Luccio,simple,0,459.00,459.00,https://clanpesca.com/prodotto/canna-casting-bone-gbs-bvc764xxxxh-7-6-gr-280-heavy-fast/
25019,bone,Toughfia Minnow Skygazer Cm 6 Gr 8 by Bone Fishing World,Mare,grouped,4,12.20,12.20,https://clanpesca.com/prodotto/toughfia-minnow-skygazer/
25045,bone,Toughfia Yellowcheek Jerk 100 Cm 10 Gr 12 by Bone Fishing World,Mare,grouped,6,15.70,15.70,https://clanpesca.com/prodotto/toughfia-yellowcheek-jerk-100-cm-10-gr-12-by-bone-fishing-world/
25030,bone,Toughfia Yellowcheek Jerkbait 70 Cm 7 Gr 7 by Bone Fishing World,Mare,grouped,4,12.90,12.90,https://clanpesca.com/prodotto/toughfia-yellowcheek-jerkbait-70-cm-7-gr-7-by-bone-fishing-world/
13588,carson,Carson Ace X-One Mt 500,Fili Nylon,grouped,7,13.50,22.90,https://clanpesca.com/prodotto/carson-ace-x-one-mt-500/
13851,carson,Carson Astral Spin,Rock Fishing,grouped,1,55.00,55.00,https://clanpesca.com/prodotto/carson-astral-spin/
15193,carson,Carson Azzard Spin,Due Pezzi,grouped,2,55.00,55.00,https://clanpesca.com/prodotto/carson-canna-da-spinning-azzard-spin/
27704,carson,Carson Bolognese Exclusive Mt 6 + Nagasaro,Combo e Kit,woosb,0,99.00,99.00,https://clanpesca.com/prodotto/carson-bolognese-exclusive-mt-6-nagasaro/
27706,carson,Carson Bolognese Exclusive Mt 7 + Nagasaro,Combo e Kit,woosb,0,125.00,125.00,https://clanpesca.com/prodotto/carson-bolognese-exclusive-mt-7-nagasaro-copia/
15198,carson,Carson Canna Bolognese Exclusive Bolo,Bolognese,grouped,4,39.00,119.00,https://clanpesca.com/prodotto/carson-canna-bolognese-exclusive-bolo/
15202,carson,Carson Canna Bolognese Patriot Bolo,Bolognese,grouped,2,45.00,55.00,https://clanpesca.com/prodotto/carson-canna-bolognese-patriot-bolo/
13502,carson,Carson Canna Bolognese Wolfen,Bolognese,grouped,3,55.00,65.00,https://clanpesca.com/prodotto/carson-canna-bolognese-wolfen/
13522,carson,Carson Canna Cat Stige Break line,Siluro,grouped,2,135.00,148.00,https://clanpesca.com/prodotto/carson-canna-cat-stige-break-line/
29037,carson,Carson Canna CatSpin II,Siluro,grouped,2,110.00,110.00,https://clanpesca.com/prodotto/carson-canna-catspin-ii/
22155,carson,Carson Canna Dark Matter PJDM-860,Mare,grouped,2,59.00,69.00,https://clanpesca.com/prodotto/carson-canna-dark-matter-pjdm-860/
13513,carson,Carson Canna Dark Matter PJDM-905 Catfish,Due Pezzi,grouped,2,115.00,119.00,https://clanpesca.com/prodotto/carson-dark-matter-pjdm-905-catfish/
13510,carson,Carson Canna Dark Matter PJDM-919 Catfish,Due Pezzi,grouped,2,179.00,219.00,https://clanpesca.com/prodotto/carson-canna-dark-matter-pjdm-919-catfish/
27662,carson,Carson Canna Extreme Power,Mare,grouped,2,99.00,99.00,https://clanpesca.com/prodotto/carson-canna-extreme-power/
13548,carson,Carson Canna Gojira Spin,Spinning,grouped,2,59.00,59.00,https://clanpesca.com/prodotto/carson-canna-gojira-spin/
27708,carson,Carson Canna Hevia X 10 Match + BBS 300,Tecniche Varie,simple,0,175.00,175.00,https://clanpesca.com/prodotto/carson-canna-hevia-x-10-match-bbs-300/
15224,carson,Carson Canna Kermit Casting,Monopezzo,grouped,3,125.00,125.00,https://clanpesca.com/prodotto/carson-canne-kermit-da-casting/
15220,carson,Carson Canna Kermit Spin,Monopezzo,grouped,2,125.00,125.00,https://clanpesca.com/prodotto/carson-canne-da-spinning-kermit/
27701,carson,Carson Canna Teleregolabile Dyonisos Mt 5,Tecniche Varie,simple,0,80.00,80.00,https://clanpesca.com/prodotto/carson-canna-teleregolabile-dyonisos-mt-5/
27678,carson,Carson Canna Terminal Power,Mare,grouped,2,99.00,99.00,https://clanpesca.com/prodotto/carson-canna-terminal-power/
13848,carson,Carson Canna X-Pro Predator,Rock Fishing,grouped,2,109.00,115.00,https://clanpesca.com/prodotto/carson-x-predator-pro/
13519,carson,Carson Canna Zenith by Takeshi,Canne Trout Area,grouped,2,139.00,149.00,https://clanpesca.com/prodotto/carson-canna-area-game-zenith-by-takeshi/
15366,carson,Carson Canne Telescopiche Hercules,All Round,grouped,0,79.00,79.00,https://clanpesca.com/prodotto/carson-canna-hercules/
13883,carson,Carson Canne Tenax Carbon,Bolognese,grouped,2,35.00,35.00,https://clanpesca.com/prodotto/carson-tenax-carbon/
28081,carson,Carson Cat Stige II By Luca Pozzato,Siluro,grouped,2,165.00,175.00,https://clanpesca.com/prodotto/carson-cat-stige-ii-by-luca-pozzato/
28097,carson,Carson Cat Stige Power Nylon Leader Mt 50 Lb 165,Siluro,simple,0,12.00,12.00,https://clanpesca.com/prodotto/carson-cat-stige-power-nylon-leader-mt-50-lb-165/
28094,carson,Carson Cat Stige Power Spin Braid Mt 150 Lb 100,Siluro,simple,0,40.00,40.00,https://clanpesca.com/prodotto/carson-cat-stige-power-spin-braid-mt-150-lb-100/
15212,carson,Carson Dark Matter PJDM-970,Spinning,grouped,2,65.00,75.00,https://clanpesca.com/prodotto/carson-dark-matter-pjdm-970/
13888,carson,"Carson Fight Club ""Monster Experience"" No Limits",Storione,simple,0,139.00,139.00,https://clanpesca.com/prodotto/carson-fight-club-monster-experience-no-limits/
22070,carson,Carson Fodero Portacanne 3000/2 Verde,Mare,grouped,2,38.00,49.00,https://clanpesca.com/prodotto/carson-fodero-portacanne-3000-2-verde/
22234,carson,Carson Fodero Portacanne Garda,Mare,grouped,2,25.00,25.00,https://clanpesca.com/prodotto/carson-fodero-portacanne-garda/
22222,carson,Carson Fodero Portacanne Jeans,Mare,grouped,2,39.00,49.00,https://clanpesca.com/prodotto/carson-fodero-portacanne-jeans/
15206,carson,Carson Forbici in Ceramica per Trecciati,Pinze & Forbici,grouped,2,13.00,14.00,https://clanpesca.com/prodotto/carson-forbici-in-ceramica/
14715,carson,Carson Guadino in Alluminio,Nasse & Guadini,grouped,6,12.50,18.90,https://clanpesca.com/prodotto/carson-guadino-alluminio/
15216,carson,Carson Innovation Spin,Spinning,grouped,3,99.00,119.00,https://clanpesca.com/prodotto/canne-da-spinning/
13559,carson,Carson Maciste Mt 130,Fili Trecciati,grouped,10,13.50,13.50,https://clanpesca.com/prodotto/carson-maciste-mt-130/
13579,carson,Carson Maxx-One Mt 150,Fili Nylon,grouped,9,9.90,11.50,https://clanpesca.com/prodotto/carson-maxx-one-mt-150/
13530,carson,Carson Mulinelli Baitcasting GBH 501,Casting,simple,0,109.00,109.00,https://clanpesca.com/prodotto/carson-mulinelli-baitcasting-gbh-501/
13506,carson,Carson Mulinello Falcon FCN 6+1BB,Spinning,grouped,3,105.00,125.00,https://clanpesca.com/prodotto/carson-mulinello-falcon-fcn-61bb/
22217,carson,Carson Mulinello Foxer FD,Mulinelli,grouped,5,30.00,34.00,https://clanpesca.com/prodotto/carson-mulinello-foxer-fd/
22237,carson,Carson Mulinello Pro ST,Offerte,grouped,2,25.00,25.00,https://clanpesca.com/prodotto/carson-mulinello-pro-st/
13507,carson,Carson Mulinello Wicat HCP 6000,Mare,simple,0,129.00,129.00,https://clanpesca.com/prodotto/mulinello-carson-wicat-hcp/
14307,carson,Carson Pasturatore Flat,Pasturatori,grouped,6,2.90,4.55,https://clanpesca.com/prodotto/carson-pasturatore-flat/
14286,carson,Carson Pasturatore Method Feeder In Line,Pasturatori,grouped,6,1.90,4.50,https://clanpesca.com/prodotto/carson-pasturatore-method-feeder-in-line/
15199,carson,Carson Reaction Spin,Spinning,simple,0,44.00,44.00,https://clanpesca.com/prodotto/carson-reaction-spin/
13853,carson,Carson Retino Porta Pesci a Strozzo,Nasse & Guadini,simple,0,8.50,8.50,https://clanpesca.com/prodotto/carson-retino-porta-pesci-a-strozzo/
29046,carson,Carson Serial Bass Double Willow,Luccio,grouped,4,8.00,8.00,https://clanpesca.com/prodotto/carson-serial-bass-double-willow/
29427,carson,Carson Squid Soft Cm 15 Gr 60,Mare,grouped,5,9.90,9.90,https://clanpesca.com/prodotto/carson-squid-soft-cm-15-gr-60/
29446,carson,Carson Squid Soft Cm 20 Gr 100,Mare,grouped,5,13.90,13.90,https://clanpesca.com/prodotto/carson-squid-soft-cm-20-gr-100/
29452,carson,Carson Squid Soft Cm 20 Gr 120,Mare,grouped,5,15.30,15.30,https://clanpesca.com/prodotto/carson-squid-soft-cm-20-gr-120/
29459,carson,Carson Squid Soft Cm 20 Gr 150,Mare,grouped,5,15.95,15.95,https://clanpesca.com/prodotto/carson-squid-soft-cm-20-gr-150/
29439,carson,Carson Squid Soft Cm 20 Gr 85,Mare,grouped,5,12.60,12.60,https://clanpesca.com/prodotto/carson-squid-soft-cm-20-gr-85/
13496,carson,Carson Street Krabby Manico di Guadino,Nasse & Guadini,grouped,3,34.00,49.00,https://clanpesca.com/prodotto/carson-street-krabby-manico-di-guadino/
13720,carson,Carson Trecciato Golia Crocodile 100 MT,Fili Trecciati,grouped,4,9.90,9.90,https://clanpesca.com/prodotto/barbetta-trecciato-golia-crocodile-100-mt/
27637,carson,Combo Spinning Pesante Mt 2.40 fino a Gr 300,Combo e Kit,woosb,0,168.00,168.00,https://clanpesca.com/prodotto/combo-spinning-pesante/
13514,carson,Mulinello Carson Beast HPS 6+1BB,Mare,grouped,2,165.00,185.00,https://clanpesca.com/prodotto/mulinello-carson-beast/
27591,carson,Mulinello Carson Hercules FD,Luccio,grouped,6,22.00,22.00,https://clanpesca.com/prodotto/mulinello-carson-hercules-fd/
14265,clan,Porta Motore per Belly Boat,Accessori,simple,0,65.00,65.00,https://clanpesca.com/prodotto/porta-motore-per-belly-boat/
16394,colmic,Colmic Girelle Side Line Rolling,Mare,grouped,2,2.50,2.50,https://clanpesca.com/prodotto/colmic-girelle-side-line-rolling/
16382,colmic,Colmic Hayabusa Nail Float,Mare,grouped,3,3.00,3.00,https://clanpesca.com/prodotto/colmic-hayabusa-nail-float/
16357,colmic,Colmic Pellet Feeder,Offerte,grouped,4,2.70,2.70,https://clanpesca.com/prodotto/pellet-feeder-colmic/
15662,decoy,Amo Decoy Worm 22,Ami Wide Gap,grouped,7,6.70,6.70,https://clanpesca.com/prodotto/ami-decoy-worm-22/
15726,decoy,Decoy DJ-100 Grand Pike,Ami Assist,grouped,2,6.50,7.90,https://clanpesca.com/prodotto/decoy-dj-100-grand-pike/
15752,decoy,Decoy Gommini Para Colpi I Guard,Piombi,grouped,2,2.80,2.80,https://clanpesca.com/prodotto/decoy-gommini-para-colpi/
15621,decoy,Decoy JS-1 Jigging Single Sergeant'N',Ami Assist,grouped,2,6.50,6.50,https://clanpesca.com/prodotto/decoy-js-1-jigging-single-sergeantn/
15713,decoy,Decoy Metan Lock,Accessori Vari,grouped,2,2.95,2.95,https://clanpesca.com/prodotto/decoy-metan-lock/
15734,decoy,Decoy Pike AS-03,Ami Assist,grouped,2,4.90,4.90,https://clanpesca.com/prodotto/decoy-pike-as-03/
15748,decoy,Decoy Piombi Plus Sinker,Piombi,grouped,2,2.80,2.80,https://clanpesca.com/prodotto/decoy-piombi-plus-sinker/
15730,decoy,Decoy Pluggin' Single 27,Ami,grouped,2,3.50,3.50,https://clanpesca.com/prodotto/decoy-pluggin-single-27/
15670,decoy,Decoy SG-21 Light Shore Fishing Lead,Piombi,grouped,4,3.95,3.95,https://clanpesca.com/prodotto/decoy-sg-21-light-shore-fishing-lead/
15703,decoy,Decoy SGS Kit Light Shore,Piombi,simple,0,8.00,8.00,https://clanpesca.com/prodotto/decoy-sgs-kit-light-shore/
15740,decoy,Decoy Sinker Cap,Piombi,simple,0,2.95,2.95,https://clanpesca.com/prodotto/decoy-sinker-cap/
15705,decoy,Decoy TJ 101 Trailer Jack Mini Mis M,Ami,simple,0,9.25,9.25,https://clanpesca.com/prodotto/decoy-tj-101-trailer-jack-mini-mis-m/
15742,decoy,Decoy Tobikalo Sinker CS-1 Silver,Piombi,grouped,4,2.95,2.95,https://clanpesca.com/prodotto/decoy-tobikalo-sinker-cs-1-silver/
15721,decoy,Decoy Worm 100 Shot Guard Hook Mis 5,Ami,simple,0,4.50,4.50,https://clanpesca.com/prodotto/decoy-worm-100-shot-guard-hook-mis-5/
15717,decoy,Decoy Worm 117,Ami da Dropshot,grouped,2,5.90,5.90,https://clanpesca.com/prodotto/decoy-worm-117/
15719,decoy,Decoy Worm 144 Flippin' Straight Mis 5/0,Ami da Flippin' e Punching,simple,0,3.00,3.00,https://clanpesca.com/prodotto/decoy-worm-144-flippin-straight-mis-5-0/
16761,dread-cat,Clonk K-Lonk Dread Cat,Siluro,grouped,3,13.50,22.50,https://clanpesca.com/prodotto/clonk-k-lonk-dread-cat/
32662,drt,FISH ARROW + DRT RISER JACK Jr. Floating,Luccio,grouped,3,79.00,79.00,https://clanpesca.com/prodotto/fish-arrow-drt-riser-jack-jr-floating/
30143,ecogear,Ecogear Grass Minnow M,Mare,grouped,8,6.95,6.95,https://clanpesca.com/prodotto/ecogear-grass-minnow-m/
30162,ecogear,Ecogear Grass Minnow S,Mare,grouped,8,7.95,7.95,https://clanpesca.com/prodotto/ecogear-grass-minnow-s/
14119,elitelure,Elite Lure Shadow Leopard V5,Lipless,grouped,3,13.99,13.99,https://clanpesca.com/prodotto/elite-lure-shadow-leopard-v5/
20586,elitelure,Elitelure CFS Spinnerbait TW Colorado 3/8,Spinning e Casting,grouped,4,12.49,12.49,https://clanpesca.com/prodotto/elitelure-cfs-spinnerbait-tw-colorado-3-8/
14355,evergreen,Evergreen Royal Flash,Swimbait,grouped,6,25.00,35.00,https://clanpesca.com/prodotto/evergreen-royal-flash/
16646,fabio-zeni,Fabio Zeni Ami H31,Tecniche Varie,grouped,5,3.50,3.50,https://clanpesca.com/prodotto/fabio-zeni-ami-h31/
13820,fabio-zeni,Fabio Zeni STR Black Widow Montata,Canne Trota lago,grouped,1,165.00,165.00,https://clanpesca.com/prodotto/fabio-zeni-str-black-widow-montata/
27979,favorite,Favorite Alligator Casting,Luccio,grouped,4,245.00,279.00,https://clanpesca.com/prodotto/favorite-alligator-casting/
30789,favorite,Favorite Alligator Travel,Luccio,grouped,2,274.00,284.00,https://clanpesca.com/prodotto/favorite-alligator-travel/
23932,favorite,Favorite Arena Vivid,Spinning e Casting,grouped,1,109.00,109.00,https://clanpesca.com/prodotto/favorite-arena-vivid/
22535,favorite,Favorite Creed,Spinning e Casting,grouped,4,125.00,139.00,https://clanpesca.com/prodotto/favorite-creed/
21555,favorite,Favorite Mulinello X1,Spinning e Casting,grouped,2,89.00,89.00,https://clanpesca.com/prodotto/favorite-mulinello-x1/
33445,favorite,Favorite Totem 130 Pike TTM1-842-120,Canne,simple,0,219.00,219.00,https://clanpesca.com/prodotto/favorite-totem-130-pike-ttm1c-842-120/
33441,favorite,Favorite Totem 130 Pike TTM1C-822-120,Canne,simple,0,225.00,225.00,https://clanpesca.com/prodotto/favorite-totem-130-pike-ttm1c-822-120/
17276,favorite,Favorite White Bird,Mare,grouped,4,59.90,65.00,https://clanpesca.com/prodotto/favorite-white-bird/
17294,favorite,Favorite X1 PRO,Canne,grouped,12,85.00,112.00,https://clanpesca.com/prodotto/favorite-x1-pro/
23831,favorite,Favorite X1.1 Casting,Mare,grouped,2,129.00,159.00,https://clanpesca.com/prodotto/favorite-x1-1/
23838,favorite,Favorite X1.1 Spinning,Luccio,grouped,2,102.00,120.00,https://clanpesca.com/prodotto/favorite-x1-1-spinning/
21523,fiiish,Fiiish Blaster Shad 160 Gr 53,Siluro,grouped,5,23.00,23.00,https://clanpesca.com/prodotto/fiiish-blaster-shad-160/
21528,fiiish,Fiiish Blaster Shad 200 Gr 80,Siluro,grouped,4,25.00,25.00,https://clanpesca.com/prodotto/fiiish-blaster-shad-gr-80/
27991,fiiish,Fiiish Double Combo Pug 16 Gr,Mare,grouped,2,15.90,15.90,https://clanpesca.com/prodotto/fiiish-double-combo-pug-16-gr/
27988,fiiish,Fiiish Double Combo Pug 7 Gr,Mare,grouped,2,14.90,14.90,https://clanpesca.com/prodotto/fiiish-double-combo-pug-7-gr/
27954,fiiish,Fiiish MS100 Combo Heavy 21 Gr 10 Cm,Luccio,grouped,2,9.95,9.95,https://clanpesca.com/prodotto/fiiish-ms100-combo-heavy-21-gr-10-cm/
27935,fiiish,Fiiish MS100 Combo Light 8 Gr 10 Cm,Luccio,grouped,4,9.95,9.95,https://clanpesca.com/prodotto/fiiish-ms100-combo-light-8-gr-10-cm/
27947,fiiish,Fiiish MS100 Combo Medium 15 Gr 10 Cm,Luccio,grouped,4,9.95,9.95,https://clanpesca.com/prodotto/fiiish-ms100-combo-medium-15-gr-10-cm/
27973,fiiish,Fiiish MS125 Combo Heavy 36 Gr 12.5 Cm,Luccio,grouped,2,11.95,11.95,https://clanpesca.com/prodotto/fiiish-ms125-combo-heavy-36-gr-12-5-cm/
27959,fiiish,Fiiish MS125 Combo Light 14 Gr 12.5 Cm,Luccio,grouped,3,11.95,11.95,https://clanpesca.com/prodotto/fiiish-ms125-combo-light-14-gr-12-5-cm/
27968,fiiish,Fiiish MS125 Combo Medium 25 Gr 12.5 Cm,Luccio,grouped,4,11.95,11.95,https://clanpesca.com/prodotto/fiiish-ms125-combo-medium-25-gr-12-5-cm/
27917,fiiish,Fiiish MS75 Combo Light 3 Gr 7.5 Cm,Luccio,grouped,3,8.50,8.50,https://clanpesca.com/prodotto/fiiish-ms75-combo-light-3-gr-7-5-cm/
27924,fiiish,Fiiish MS75 Combo Medium 6 Gr 7.5 Cm,Luccio,grouped,3,8.50,8.50,https://clanpesca.com/prodotto/fiiish-ms75-combo-medium-6-gr-7-5-cm/
28789,fiiish,Fiiish Pit Swimmer Bodies Cm 10 Gr 7.5,Luccio,grouped,4,12.50,12.50,https://clanpesca.com/prodotto/fiiish-pit-swimmer-bodies-cm-10-gr-7-5/
28797,fiiish,Fiiish Pit Swimmer Bodies Cm 12.5 Gr 15,Luccio,grouped,6,14.50,14.50,https://clanpesca.com/prodotto/fiiish-pit-swimmer-bodies-cm-12-5-gr-15/
28806,fiiish,Fiiish Pit Swimmer Bodies Cm 15 Gr 25,Luccio,grouped,6,15.50,15.50,https://clanpesca.com/prodotto/fiiish-pit-swimmer-bodies-cm-15-gr-25/
28811,fiiish,Fiiish Pit Swimmer Simple Combo Cm 10 Gr 9,Luccio,grouped,2,7.30,7.30,https://clanpesca.com/prodotto/fiiish-pit-swimmer-simple-combo-cm-10-gr-9/
28822,fiiish,Fiiish Pit Swimmer Simple Combo Cm 12.5 Gr 17,Luccio,grouped,4,8.95,8.95,https://clanpesca.com/prodotto/fiiish-pit-swimmer-simple-combo-cm-12-5-gr-17/
28825,fiiish,Fiiish Pit Swimmer Simple Combo Cm 15 Gr 29,Luccio,grouped,1,10.50,10.50,https://clanpesca.com/prodotto/fiiish-pit-swimmer-simple-combo-cm-15-gr-29/
24617,fladen,Fladen Authentic Trousers 2.0 Grey Black,Abbigliamento,grouped,2,89.00,89.00,https://clanpesca.com/prodotto/fladen-authentic-trousers-2-0-grey-black/
21037,fladen,Fladen Eco Minnow Cm 9 Gr 8,Spinning e Casting,grouped,3,4.95,4.95,https://clanpesca.com/prodotto/fladen-eco-minnow-cm-9-gr-8/
21011,fladen,Fladen Faceit Bait Holder Large,Siluro,grouped,5,9.90,9.90,https://clanpesca.com/prodotto/fladen-faceit-bait-holder-large/
21020,fladen,Fladen Faceit Bait Holder Medium,Siluro,grouped,7,8.95,8.95,https://clanpesca.com/prodotto/fladen-faceit-bait-holder-medium/
21027,fladen,Fladen Faceit Bait Holder Small,Siluro,grouped,2,8.95,8.95,https://clanpesca.com/prodotto/fladen-faceit-bait-holder-small/
16783,fladen,Fladen Faceit Rig Large,Siluro,simple,0,3.95,3.95,https://clanpesca.com/prodotto/fladen-faceit-rig-large/
17010,fladen,Fladen Giacca Authentic 2.0 in Microfibra,Abbigliamento,grouped,3,115.00,115.00,https://clanpesca.com/prodotto/fladen-giacca-authentic-2-0-in-microfibra/
24582,fladen,Fladen Giacca Microfibra Authentic 2.0 Grey/Black,Abbigliamento,grouped,3,115.00,115.00,https://clanpesca.com/prodotto/fladen-giacca-microfibra-authentic-2-0-grey-black/
16901,fladen,Fladen Giacca Tecnica Authentic 4.0,Abbigliamento,grouped,3,89.00,129.00,https://clanpesca.com/prodotto/fladen-giacca-tecnica-authentic-4-0/
16793,fladen,Fladen Giubbotto di salvataggio 150,Accessori Vari,simple,0,149.00,149.00,https://clanpesca.com/prodotto/fladen-giubbotto-di-salvataggio/
21697,fladen,Fladen Living Trout Cm 18 Gr 52,Siluro,grouped,1,9.90,9.90,https://clanpesca.com/prodotto/fladen-living-trout-cm-18-gr-52/
21715,fladen,Fladen Living Trout L Cm 23 Gr 114,Siluro,grouped,2,12.90,12.90,https://clanpesca.com/prodotto/fladen-living-trout-l/
21728,fladen,Fladen Living Trout Roach Cm 17 Gr 60,Siluro,grouped,3,12.90,12.90,https://clanpesca.com/prodotto/fladen-living-trout-roach-cm-17-gr-60/
20973,fladen,Fladen Maxximus Harpax Gr 14 Cm 8.5,Mare,grouped,3,8.50,8.50,https://clanpesca.com/prodotto/fladen-maxximus-harpax-gr-14-cm-8-5/
20970,fladen,Fladen Maxximus Harpax Gr 14 Cm 8.5 Col Silver,Mare,simple,0,8.50,8.50,https://clanpesca.com/prodotto/fladen-maxximus-harpax-gr-14-cm-8-5-col-silver-uv-2/
21066,fladen,Fladen Maxximus Lamprey Cm 15 Gr 20,Siluro,grouped,3,11.95,11.95,https://clanpesca.com/prodotto/fladen-maxximus-lamprey-cm-15-gr-20/
21053,fladen,Fladen Predator Jerk Cm 12 Gr 50,Siluro,grouped,7,7.50,7.50,https://clanpesca.com/prodotto/fladen-predator-jerk-cm-12-gr-50/
17000,fladen,Fladen Softshell Lightweight,Abbigliamento,grouped,2,79.00,79.00,https://clanpesca.com/prodotto/fladen-softshell-lightweight/
28750,fladen,Fladen Trolling Realistic Cm 11.6 Gr 18,Luccio,grouped,4,7.95,7.95,https://clanpesca.com/prodotto/fladen-trolling-realistic-cm-11-6-gr-18/
28756,fladen,Fladen Trolling Realistic Cm 15 Gr 32,Luccio,grouped,4,10.95,10.95,https://clanpesca.com/prodotto/fladen-trolling-realistic-cm-15-gr-32/
16814,fladen,Fladen Wading Jacket,Abbigliamento,grouped,3,189.00,189.00,https://clanpesca.com/prodotto/fladen-wading-jacket/
20413,fladen,Fladen Warbird Minnow Cm 13 Gr 18 Col Silver-Black,Artificiali,simple,0,7.90,7.90,https://clanpesca.com/prodotto/fladen-warbird-minnow-cm-13-gr-18-col-silver-black/
24564,fladen,Giacca Fladen Authentic 5.0 Olive,Abbigliamento,grouped,5,165.00,165.00,https://clanpesca.com/prodotto/giacca-fladen-authentic-olive/
28610,fladen,Nylon Evia Asari Kujira Spin-R Mt 150,Mare,grouped,2,7.90,7.90,https://clanpesca.com/prodotto/nylon-evia-asari-kujira-spin-r-mt-150/
24577,fladen,Pantaloni Fladen Authentic Trousers 5.0 Olive,Abbigliamento,grouped,5,119.00,119.00,https://clanpesca.com/prodotto/pantaloni-fladen-authentic-trousers-5-0-olive/
27106,fladen,T-shirt Fladen Perch Hunter,Abbigliamento,grouped,2,29.00,29.00,https://clanpesca.com/prodotto/t-shirt-fladen-perch-hunter/
27114,fladen,T-shirt Fladen Pike Hunter,Abbigliamento,grouped,3,29.00,29.00,https://clanpesca.com/prodotto/t-shirt-fladen-pike-hunter/
27126,fladen,T-shirt Fladen Seatrout Hunter,Abbigliamento,grouped,3,29.00,29.00,https://clanpesca.com/prodotto/t-shirt-fladen-seatrout-hunter/
27121,fladen,T-shirt Fladen Tuna Hunter,Abbigliamento,grouped,4,29.00,29.00,https://clanpesca.com/prodotto/t-shirt-fladen-tuna-hunter/
20824,flash-union,Flash Union Full Metal Sonic Gr 2.5,Spinning e Casting,grouped,10,7.95,7.95,https://clanpesca.com/prodotto/flash-union-full-metal-sonic-gr-2-5/
20853,flash-union,Flash Union Full Metal Sonic Gr 3.5,Spinning e Casting,grouped,8,7.95,7.95,https://clanpesca.com/prodotto/flash-union-full-metal-sonic-gr-3-5/
13215,flash-union,Flash Union Gill Swimmer 95 Gr 55,Soft Swimbait,grouped,5,16.50,16.50,https://clanpesca.com/prodotto/flash-union-gill-swimmer-95-gr-55/
28859,fox-rage,Fox Rage Pro Shad Cm 18 Bulk,Luccio,grouped,6,4.95,4.95,https://clanpesca.com/prodotto/fox-rage-pro-shad-cm-18-bulk/
28889,fox-rage,Fox Rage Pro Shad Cm 23 Bulk,Luccio,grouped,6,6.50,6.50,https://clanpesca.com/prodotto/fox-rage-pro-shad-cm-23-bulk/
28900,fox-rage,Fox Rage Replicant Super Natural Carp Cm 18 Gr 104,Luccio,grouped,3,13.99,13.99,https://clanpesca.com/prodotto/fox-rage-replicant-super-natural-carp-cm-18-gr-104/
28938,fox-rage,Fox Rage Replicant Wobble Cm 18 Gr 90,Luccio,grouped,10,9.99,13.99,https://clanpesca.com/prodotto/fox-rage-replicant-wobble-cm-18-gr-90/
28845,fox-rage,Fox Rage Slick Pelagic Heads Gr 50,Luccio,grouped,2,3.50,3.50,https://clanpesca.com/prodotto/fox-rage-slick-pelagic-heads-gr-50/
28964,fox-rage,Fox Rage Super Slick Shad Cm 28 Gr 170,Luccio,grouped,2,8.95,8.95,https://clanpesca.com/prodotto/fox-rage-super-slick-shad-cm-28-gr-170/
28978,fox-rage,Fox Rage Super Slick Shad Cm18 Gr 38,Luccio,grouped,6,11.95,11.95,https://clanpesca.com/prodotto/fox-rage-super-slick-shad-cm18-gr-38/
13567,fudo-hooks,Fudo FM-1 Mt 100,Fili Nylon,grouped,7,7.90,10.90,https://clanpesca.com/prodotto/fudo-fm-1-mt-100/
22916,game,Game Aguglia Evo,Mare,grouped,7,22.99,22.99,https://clanpesca.com/prodotto/game-aguglia-evo-cm-21-5-gr-30-6/
22932,game,Game Aguglia Turbo,Mare,grouped,1,23.99,23.99,https://clanpesca.com/prodotto/game-aguglia-turbo/
21417,game,Pend Eel by Game,Mare,grouped,4,10.50,10.50,https://clanpesca.com/prodotto/pend-eel-by-game/
21401,game,Pend Minnow by Game 3.75,Mare,grouped,5,10.50,10.50,https://clanpesca.com/prodotto/pend-minnow-by-game-3-75/
21428,game,Pend Paddle by Game 3.25,Mare,grouped,5,10.29,10.29,https://clanpesca.com/prodotto/pend-paddle-by-game/
21434,game,Pend Paddle by Game 4.5,Mare,grouped,5,10.29,10.29,https://clanpesca.com/prodotto/pend-paddle-by-game-4-5/
22989,gary-yamamoto,"Gary Yamamoto Kut Tail 5""",Spinning e Casting,grouped,1,10.95,10.95,https://clanpesca.com/prodotto/gary-yamamoto-kut-tail-5/
22943,gary-yamamoto,Gary Yamamoto Senko 4,Spinning e Casting,grouped,9,13.50,13.50,https://clanpesca.com/prodotto/gary-yamamoto-senko-4/
22964,gary-yamamoto,Gary Yamamoto Swim Senko 4,Spinning e Casting,grouped,1,13.00,13.00,https://clanpesca.com/prodotto/gary-yamamoto-swim-senko-4/
31044,gator,Gator Catfish 11 cm,Spinning e Casting,grouped,1,6.95,6.95,https://clanpesca.com/prodotto/gator-catfish-11-cm/
31046,gator,Gator Catfish 25 Cm,Luccio,grouped,4,11.95,11.95,https://clanpesca.com/prodotto/gator-catfish-25-cm/
31056,gator,Gator Catfish 35 cm,Luccio,grouped,3,21.95,21.95,https://clanpesca.com/prodotto/gator-catfish-35-cm/
31067,gator,Gator Deadbait 11 cm,Spinning e Casting,grouped,5,7.95,7.95,https://clanpesca.com/prodotto/gator-deadbait-11-cm/
31078,gator,Gator DeadBait 22 cm,Luccio,grouped,4,10.95,10.95,https://clanpesca.com/prodotto/gator-deadbait-22-cm/
31081,gator,Gator DeadBait 27 cm,Luccio,grouped,1,11.95,11.95,https://clanpesca.com/prodotto/gator-deadbait-27-cm/
31094,gator,Gator Gum 12 cm,Spinning e Casting,grouped,4,6.95,6.95,https://clanpesca.com/prodotto/gator-gum-12-cm/
31104,gator,Gator Gum 18 cm,Luccio,grouped,4,7.95,7.95,https://clanpesca.com/prodotto/gator-gum-18-cm/
31144,gator,Gator Gum 27 Cm,Luccio,grouped,5,14.95,14.95,https://clanpesca.com/prodotto/gator-gum-27-cm/
31118,gator,Gator Gum 9 Cm,Spinning e Casting,grouped,5,6.95,6.95,https://clanpesca.com/prodotto/gator-gum-9-cm/
31246,gator,Gator Mirage Spinning 7’3” Tech Spin 5-25 Gr,Spinning e Casting,simple,0,121.00,121.00,https://clanpesca.com/prodotto/gator-mirage-spinning-73-tech-spin-5-25-gr/
31167,gator,Gator Superslow 15 Cm,Luccio,grouped,9,11.95,11.95,https://clanpesca.com/prodotto/gator-superslow-15-cm/
31190,gator,Gator Superslow 20 cm,Luccio,grouped,9,11.95,11.95,https://clanpesca.com/prodotto/gator-superslow-20-cm/
31212,gator,Gator Superslow 25 cm,Luccio,grouped,9,11.95,11.95,https://clanpesca.com/prodotto/gator-superslow-25-cm/
31227,gator,Gator Swimmer 12.5 cm,Luccio,grouped,6,16.95,16.95,https://clanpesca.com/prodotto/gator-swimmer-12-5-cm/
24674,golden-catch,Canna Golden Catch Inquisitor,Spinning e Casting,grouped,4,125.00,129.00,https://clanpesca.com/prodotto/canna-golden-catch-inquisitor-2/
24665,golden-catch,Canna Golden Catch Light Spinning Flick 24 FLS,Spinning e Casting,grouped,2,69.00,75.00,https://clanpesca.com/prodotto/canna-golden-catch-light-spinning-flick-24-fls/
24700,golden-catch,Canna Golden Catch Vertais24,Mare,grouped,2,99.00,99.00,https://clanpesca.com/prodotto/canna-golden-catch-vertais24/
24710,golden-catch,Canna Golden Catch Volt,Spinning e Casting,grouped,4,89.00,95.00,https://clanpesca.com/prodotto/canna-golden-catch-volt/
24717,golden-catch,Canna Golden Catch Wanderer,Spinning e Casting,grouped,2,85.00,95.00,https://clanpesca.com/prodotto/canna-golden-catch-wanderer/
24685,golden-catch,Canna Spinning Golden Catch Inquisitor Monster Edition,Luccio,grouped,3,175.00,210.00,https://clanpesca.com/prodotto/golden-catch-inquisitor-monster/
24694,golden-catch,Canna Spinning Golden Catch Inquisitor Travel,Luccio,grouped,3,139.00,139.00,https://clanpesca.com/prodotto/canna-spinning-golden-catch-inquisitor-travel/
31926,golden-catch,Golden Catch Constructor Foam Case CFC-1710,Luccio,simple,0,7.50,7.50,https://clanpesca.com/prodotto/golden-catch-constructor-foam-case-cfc-1710/
31931,golden-catch,Golden Catch Constructor Lure Case CLC-1710,Luccio,simple,0,6.50,6.50,https://clanpesca.com/prodotto/golden-catch-constructor-lure-case-clc-1710/
27613,golden-catch,Golden Catch Harisma Surface 160 Gr 18 Cm 16,Mare,grouped,7,12.90,12.90,https://clanpesca.com/prodotto/golden-catch-harisma-surface-160-gr-18-cm-16/
27625,golden-catch,Golden Catch Harisma Surface 180 Cm 18 Gr 24,Mare,grouped,7,13.90,13.90,https://clanpesca.com/prodotto/golden-catch-harisma-surface-180-cm-18-gr-24/
27655,golden-catch,Golden Catch Harisma Surface 205 Cm 20.5 Gr 31,Mare,grouped,7,15.90,15.90,https://clanpesca.com/prodotto/golden-catch-harisma-surface-205-cm-20-5-gr-31/
31882,golden-catch,Golden Catch Headlight FV201 W7UV Sensor With Clip,Mare,simple,0,39.95,39.95,https://clanpesca.com/prodotto/golden-catch-headlight-fv201-w7uv-sensor-with-clip/
31867,golden-catch,Golden Catch Lanyard With Carabiner Golden Spring 10-82 Cm,Luccio,simple,0,4.70,4.70,https://clanpesca.com/prodotto/golden-catch-lanyard-with-carabiner-golden-spring-10-82-cm/
31937,golden-catch,Golden Catch Lure Box Foam S LB-1510F,Luccio,simple,0,6.50,6.50,https://clanpesca.com/prodotto/golden-catch-lure-box-foam-s-lb-1510f-3/
29815,golden-catch,Golden Catch Lure Box LB-1610M,Luccio,simple,0,5.95,5.95,https://clanpesca.com/prodotto/golden-catch-lure-box-lb-1610m/
29819,golden-catch,Golden Catch Lure Box M LB-1810,Luccio,simple,0,5.95,5.95,https://clanpesca.com/prodotto/golden-catch-lure-box-m-lb-1810/
29829,golden-catch,Golden Catch Lure Box S LB-1510,Luccio,simple,0,6.50,6.50,https://clanpesca.com/prodotto/golden-catch-lure-box-s-lb-1510/
29833,golden-catch,Golden Catch Lure Box S LB-1510C,Luccio,simple,0,6.50,6.50,https://clanpesca.com/prodotto/golden-catch-lure-box-s-lb-1510c/
29698,golden-catch,Golden Catch Lure Case Foam Double Lock LC-2015F,Mare,simple,0,11.99,11.99,https://clanpesca.com/prodotto/golden-catch-lure-box-foam-s-lb-1510f/
31400,golden-catch,Golden Catch Reversible Box,Luccio,grouped,3,12.95,27.50,https://clanpesca.com/prodotto/golden-catch-reversible-box/
31907,golden-catch,Golden Catch Reversible Case RWC-1410F,Luccio,simple,0,9.95,9.95,https://clanpesca.com/prodotto/golden-catch-reversible-case-rwc-1410f/
29711,golden-catch,Golden Catch Reversible Worm Case RWC-1710,Luccio,simple,0,8.50,8.50,https://clanpesca.com/prodotto/golden-catch-reversible-worm-case-rwc-1710/
31953,golden-catch,Golden Catch Vittor 19 VTS,Mare,grouped,3,79.90,89.95,https://clanpesca.com/prodotto/golden-catch-vittor-19-vts/
31976,golden-catch,Golden Catch Vittor 24 VTS,Mare,grouped,3,89.95,89.95,https://clanpesca.com/prodotto/golden-catch-vittor-24-vts/
29715,golden-catch,Golden Catch Worm Case Double Lock WC-2015M,Luccio,simple,0,8.50,8.50,https://clanpesca.com/prodotto/golden-catch-worm-case-double-lock-wc-2015m/
31922,golden-catch,Golden Catch Worm Case Double Lock WC-2520L,Luccio,simple,0,13.50,13.50,https://clanpesca.com/prodotto/golden-catch-worm-case-double-lock-wc-2520l/
26507,golden-catch,"Golden Catch Zeox Shemi Shad 5""",Luccio,grouped,8,6.90,6.90,https://clanpesca.com/prodotto/golden-catch-zeox-shemi-shad-5/
26519,golden-catch,Golden Catch Zeox Shemi Shad 6.5,Luccio,grouped,8,8.50,8.50,https://clanpesca.com/prodotto/golden-catch-zeox-shemi-shad-6-5/
31877,golden-catch,Landing Net Inquisitor Monster Edition 80x180 Cm,Luccio,simple,0,129.00,129.00,https://clanpesca.com/prodotto/landing-net-inquisitor-monster-edition-80x180-cm/
30188,golden-catch,Mulinello Golden Catch Inquisitor,Luccio,grouped,2,115.00,119.00,https://clanpesca.com/prodotto/mulinello-golden-catch-inquisitor/
30177,golden-catch,Mulinello Golden Catch Mirrox,Mare,grouped,2,59.90,59.90,https://clanpesca.com/prodotto/mulinello-golden-catch-mirrox/
30194,golden-catch,Mulinello Golden Catch Vertais,Mare,grouped,1,79.90,79.90,https://clanpesca.com/prodotto/mulinello-golden-catch-vertais/
30170,golden-catch,Mulinello Golden Catch Volt,Mare,grouped,2,79.00,79.00,https://clanpesca.com/prodotto/mulinello-golden-catch-volt/
13866,graff,Graff Giacca Anti Pioggia e Anti Vento,Giacche e Pantaloni Tecnici,grouped,3,175.00,175.00,https://clanpesca.com/prodotto/graff-giacca-anti-pioggia-e-anti-vento/
13870,graff,Graff Pantaloni Anti Pioggia e Anti Vento,Giacche e Pantaloni Tecnici,grouped,3,110.00,110.00,https://clanpesca.com/prodotto/graff-pantaloni-anti-pioggia-e-anti-vento/
24286,hart,Hart Canna Nation Cat,Siluro,grouped,3,60.00,69.00,https://clanpesca.com/prodotto/hart-canna-nation-cat/
32062,hart,Hart Life Jacket Inflatable Automatic,Gilet & Grembiuli,simple,0,119.90,119.90,https://clanpesca.com/prodotto/hart-life-jacket-inflatable-automatic/
27907,hart,Hart Magnet 135 mm 26 gr,Luccio,grouped,1,12.00,12.00,https://clanpesca.com/prodotto/hart-magnet-135-mm-26-gr/
32042,hart,Hart Reel Casting Izan,Luccio,simple,0,189.00,189.00,https://clanpesca.com/prodotto/hart-reel-casting-izan/
26482,hart,Hart Rod Toro Blues Swimbait C711 Offset,Luccio,grouped,2,115.00,125.00,https://clanpesca.com/prodotto/hart-rod-toro-blues-swimbait-c711-offset/
26663,hart,Hart The Edition Indomite Gr 12,Mare,grouped,7,9.90,9.90,https://clanpesca.com/prodotto/hart-the-edition-indomite-gr-12/
26705,hart,Hart The Edition Indomite Gr 19 Cm 7.5,Mare,grouped,7,9.90,9.90,https://clanpesca.com/prodotto/hart-the-edition-indomite-gr-19-cm-7-5/
26704,hart,Hart The Edition Indomite Gr 30 Cm 8.2,Mare,grouped,7,9.90,9.90,https://clanpesca.com/prodotto/hart-the-edition-indomite-gr-30-cm-8-2/
26825,hart,Hart The Edition Real R Gr 20 Cm 6.3,Mare,grouped,7,7.90,7.90,https://clanpesca.com/prodotto/hart-the-edition-real-r-gr-20-cm-6-3/
26843,hart,Hart The Edition Real R Gr 40 Cm 7.5,Mare,grouped,7,7.90,7.90,https://clanpesca.com/prodotto/hart-the-edition-real-r-gr-40-cm-7-5/
27514,hart,Hart Wader Protheon S,Abbigliamento,grouped,4,209.95,209.95,https://clanpesca.com/prodotto/hart-wader-protheon-s/
32056,hart,Hart Waders Protheon XT,Abbigliamento,grouped,1,229.95,229.95,https://clanpesca.com/prodotto/hart-waders-protheon-xt/
27522,hart,Hart Wading Boot Komak RB,Abbigliamento,grouped,3,165.00,165.00,https://clanpesca.com/prodotto/hart-wading-boot-komak-rb/
28833,hart,Hart Wading Boot Sima R,Abbigliamento,grouped,3,129.95,129.95,https://clanpesca.com/prodotto/hart-wading-boot-sima-r/
24438,hart,Scarponi Hart 25S Pro,Abbigliamento,grouped,3,155.00,155.00,https://clanpesca.com/prodotto/scarponi-hart-25s-pro/
14026,hedgehog-studio,Avail Oval Knob Cap,Tappi,grouped,3,16.50,16.50,https://clanpesca.com/prodotto/hedgehog-avail-oval-knob-cap-daiwa-for-tatula/
15765,hedgehog-studio,Daiwa Level Wind Post T3,Level Wind,grouped,3,11.90,11.90,https://clanpesca.com/prodotto/daiwa-level-wind-post-t3/
15929,hedgehog-studio,Hedgehog  Tappo Freno Meccanico Tdz Col Sapphire Blue,Freno Meccanico,simple,0,13.00,13.00,https://clanpesca.com/prodotto/tappo-freno-meccanico-tdz/
14018,hedgehog-studio,Hedgehog Brake Dial Screw Daiwa for Tatula,Viti e Dadi,grouped,5,13.50,13.50,https://clanpesca.com/prodotto/hedgehog-brake-dial-screw-daiwa-for-tatula/
14007,hedgehog-studio,Hedgehog Daiwa Level Wind Shaft for Tatula,Level Wind,grouped,4,14.00,14.00,https://clanpesca.com/prodotto/hedgehog-daiwa-level-wind-shaft-for-tatula/
14034,hedgehog-studio,Hedgehog Daiwa Warm Shield for T3 series,Level Wind,grouped,3,16.90,16.90,https://clanpesca.com/prodotto/hedgehog-daiwa-warm-shield-for-t3-series/
14047,hedgehog-studio,Hedgehog Front Cover Post Daiwa T3 series,Level Wind,grouped,4,13.50,13.50,https://clanpesca.com/prodotto/hedgehog-front-cover-post-daiwa-t3-series/
14487,hedgehog-studio,Hedgehog Handle Lock Bolt for Daiwa Col Pink,Viti e Dadi,simple,0,18.00,18.00,https://clanpesca.com/prodotto/hedgehog-handle-lock-bolt-for-daiwa/
14475,hedgehog-studio,Hedgehog Level Wind Shaft ZSV for Daiwa,Level Wind,grouped,4,14.00,14.00,https://clanpesca.com/prodotto/hedgehog-level-wind-shaft-zsv-for-daiwa/
13996,hedgehog-studio,"Hedgehog Mechanical Brake Knob Superior B-Type ""L"" Daiwa",Freno Meccanico,grouped,4,23.50,23.50,https://clanpesca.com/prodotto/hedgehog-mechanical-brake-knob-superior-b-type-size-l-for-daiwa/
14121,hedgehog-studio,Hedgehog Offset Aluminum Clutch CL-REV TYPE-C for ABU,Tasti di Sblocco,grouped,3,70.00,70.00,https://clanpesca.com/prodotto/hedgehog-offset-aluminum-clutch-cl-rev-type-c-for-abu/
14110,hedgehog-studio,Hedgehog Offset Aluminum Clutch for Daiwa Tdz series,Tasti di Sblocco,grouped,2,49.00,49.00,https://clanpesca.com/prodotto/hedgehog-offset-aluminum-clutch-for-daiwa-tdz-series/
14103,hedgehog-studio,Hedgehog Revo Offset Aluminum Clutch for ABU,Tasti di Sblocco,grouped,3,72.50,72.50,https://clanpesca.com/prodotto/hedgehog-revo-offset-aluminum-clutch-for-abu/
13967,hedgehog-studio,Hedgehog Tasto di Sblocco Daiwa Offset Aluminum Clutch Lever CL-ZTW Col Lime Green,Tasti di Sblocco,simple,0,70.00,70.00,https://clanpesca.com/prodotto/hedgehog-tasto-di-sblocco-daiwa-offset-aluminum-clutch-lever-cl-ztw-col-lime-green/
15797,hedgehog-studio,Hedgehog Vite Freno Magnetico per Daiwa,Viti e Dadi,grouped,3,13.50,13.50,https://clanpesca.com/prodotto/hedgehog-vite-freno-magnetico/
15788,hedgehog-studio,Hedgehog Vite Scorrifilo per Daiwa,Level Wind,grouped,6,14.00,14.00,https://clanpesca.com/prodotto/vite-scorrifilo-hedgehog/
14057,hedgehog-studio,Set di Viti Hedgehog Duralumin Bis Set 7-7-7 Daiwa,Viti e Dadi,grouped,3,11.90,11.90,https://clanpesca.com/prodotto/hedgehog-duralumin-bis-set-7-7-7-daiwa/
16324,herakles,Herakles Hypervibe 3.5,Offerte,grouped,2,4.50,4.50,https://clanpesca.com/prodotto/herakles-hypervibe-3-5/
25191,herakles,"Herakles Killer Flip 4""",Spinning e Casting,grouped,6,4.50,4.50,https://clanpesca.com/prodotto/herakles-killer-flip-4-2/
25209,herakles,Herakles Viber Craw 3.5,Spinning e Casting,grouped,2,4.50,4.50,https://clanpesca.com/prodotto/herakles-viber-craw-3-5/
13541,heron,Heron Canna Crack 1,Spinning,grouped,6,99.00,129.00,https://clanpesca.com/prodotto/carson-canna-heron-crack-1/
22206,heron,Heron Canna Jerk Spin Pike,Canne,grouped,3,195.00,239.00,https://clanpesca.com/prodotto/heron-canna-jerk-spin-pike/
28315,heron,Heron Crack,Spinning e Casting,grouped,12,2.70,4.90,https://clanpesca.com/prodotto/heron-crack/
28555,heron,Heron Crack 2 Braided Mt 135,Spinning e Casting,grouped,5,26.00,37.50,https://clanpesca.com/prodotto/heron-crack-2-braided-mt-135/
28361,heron,Heron Crack Amo Singolo,Spinning e Casting,grouped,8,2.70,3.70,https://clanpesca.com/prodotto/heron-crack-amo-singolo/
28464,heron,Heron Crack Pike Hunter,Luccio,grouped,6,8.00,9.00,https://clanpesca.com/prodotto/heron-crack-pike-hunter/
28375,heron,Heron Crack Tandem,Spinning e Casting,grouped,10,3.40,5.40,https://clanpesca.com/prodotto/heron-crack-tandem/
28410,heron,Heron Fario,Spinning e Casting,grouped,6,3.50,3.90,https://clanpesca.com/prodotto/heron-fario/
28420,heron,Heron Fario Amo Singolo,Spinning e Casting,grouped,6,3.50,3.90,https://clanpesca.com/prodotto/heron-fario-amo-singolo/
28386,heron,Heron Fario Decorato,Spinning e Casting,grouped,6,4.20,4.60,https://clanpesca.com/prodotto/heron-fario-decorato/
28401,heron,Heron Fario Decorato Amo Singolo,Spinning e Casting,grouped,6,4.20,4.60,https://clanpesca.com/prodotto/heron-fario-decorato-amo-singolo/
28473,heron,Heron Luccio con Fiocco,Luccio,grouped,3,3.10,3.80,https://clanpesca.com/prodotto/heron-luccio-con-fiocco/
28237,heron,Heron Lucciola,Spinning e Casting,grouped,8,2.10,2.50,https://clanpesca.com/prodotto/heron-lucciola/
28247,heron,Heron Lucciola Amo Singolo,Artificiali,grouped,8,2.10,2.50,https://clanpesca.com/prodotto/heron-lucciola-amo-singolo/
28500,heron,Heron Lucciola Decorato Argento,Spinning e Casting,grouped,8,2.40,3.20,https://clanpesca.com/prodotto/heron-lucciola-decorato-argento/
28511,heron,Heron Lucciola Decorato Argento Amo Singolo,Spinning e Casting,grouped,8,2.40,3.20,https://clanpesca.com/prodotto/heron-lucciola-decorato-argento-amo-singolo/
28263,heron,Heron Lucciola Decorato Oro,Spinning e Casting,grouped,8,2.50,3.40,https://clanpesca.com/prodotto/heron-lucciola-decorato-oro/
28284,heron,Heron Lucciola Decorato Oro Amo Singolo,Spinning e Casting,grouped,8,2.60,3.40,https://clanpesca.com/prodotto/heron-lucciola-decorato-oro-amo-singolo/
28300,heron,Heron Lucciola Tandem,Spinning e Casting,grouped,8,2.30,3.30,https://clanpesca.com/prodotto/heron-lucciola-tandem/
22229,heron,Heron Mulinello Sea Tiger,Mare,grouped,3,60.00,70.00,https://clanpesca.com/prodotto/heron-mulinello-sea-tiger/
28425,heron,Heron Mullet,Spinning e Casting,grouped,3,2.50,2.80,https://clanpesca.com/prodotto/heron-mullet/
28538,heron,Heron Nylon Crack 1 Mt 160,Luccio,grouped,5,6.50,8.90,https://clanpesca.com/prodotto/heron-nylon-crack-1-mt-160/
28531,heron,Heron Ondulante Doppio,Luccio,grouped,2,6.30,6.80,https://clanpesca.com/prodotto/heron-ondulante-doppio/
28520,heron,Heron Ondulante Singolo,Luccio,grouped,4,3.60,4.30,https://clanpesca.com/prodotto/heron-ondulante-singolo/
28527,heron,Heron Ondulante Singolo Decorato,Luccio,grouped,4,3.90,4.80,https://clanpesca.com/prodotto/heron-ondulante-singolo-decorato/
13654,heron,Heron Piombo Cheburaska Hooked Beads C-0022,Piombi,grouped,3,4.50,4.50,https://clanpesca.com/prodotto/heron-piombo-cheburaska-hooked-beads-c-0022/
13636,heron,Heron Piombo Long Drop Shot C-0031,Piombi,grouped,5,5.50,5.50,https://clanpesca.com/prodotto/heron-piombo-long-drop-shot-c-0031/
13643,heron,Heron Piombo Long Drop Shot C-0032,Piombi,grouped,5,5.50,5.50,https://clanpesca.com/prodotto/heron-piombo-long-drop-shot-c-0032/
13649,heron,Heron Piombo Texas Bullet C-0033,Piombi,grouped,3,3.90,3.90,https://clanpesca.com/prodotto/heron-piombo-texas-bullet-c-0033/
13667,heron,Heron Round Jig Head,Jig Head,grouped,8,4.50,4.50,https://clanpesca.com/prodotto/heron-round-jig-head/
13528,heron,Heron Serie di Canne Jerk Pike Casting,Casting,grouped,3,196.00,242.00,https://clanpesca.com/prodotto/heron-serie-di-canne-jerk-pike-casting/
13684,heron,Heron Super Mini Jig Head,Jig Head,grouped,7,4.90,4.90,https://clanpesca.com/prodotto/heron-super-mini-jig-head/
13694,heron,Heron Super Offset Jig Head,Jig Head,grouped,4,7.99,7.99,https://clanpesca.com/prodotto/heron-super-offset-jig-head/
28151,heron,Heron Vespa Black,Spinning e Casting,grouped,8,2.50,3.40,https://clanpesca.com/prodotto/heron-vespa-black/
28197,heron,Heron Vespa Black Amo Singolo,Spinning e Casting,grouped,8,2.50,3.40,https://clanpesca.com/prodotto/heron-vespa-black-amo-singolo/
28162,heron,Heron Vespa Red,Spinning e Casting,grouped,8,2.50,3.40,https://clanpesca.com/prodotto/heron-vespa-red/
28193,heron,Heron Vespa Red Amo Singolo,Spinning e Casting,grouped,8,2.50,3.40,https://clanpesca.com/prodotto/heron-vespa-red-amo-singolo/
28138,heron,Heron Vespa White,Spinning e Casting,grouped,8,2.50,3.40,https://clanpesca.com/prodotto/heron-vespa-white-gold/
28222,heron,Heron Vespa White Amo Singolo,Spinning e Casting,grouped,8,2.50,3.40,https://clanpesca.com/prodotto/heron-vespa-white-amo-singolo/
28066,heron,Heron Vespa Yellow,Spinning e Casting,grouped,8,2.50,3.40,https://clanpesca.com/prodotto/heron-vespa-yellow/
28179,heron,Heron Vespa Yellow Amo Singolo,Spinning e Casting,grouped,8,2.50,3.40,https://clanpesca.com/prodotto/heron-vespa-yellow-amo-singolo/
30836,hideup,Hide Up Kyu Coike,Spinning e Casting,grouped,10,14.00,14.00,https://clanpesca.com/prodotto/hide-up-kyu-coike/
32627,hideup,HideUp Coike Fish M Elastomer,Spinning e Casting,grouped,3,18.70,18.70,https://clanpesca.com/prodotto/hideup-coike-fish-m-elastomer/
32613,hideup,HideUp Coike Shrimp Medium,Spinning e Casting,grouped,5,13.50,13.50,https://clanpesca.com/prodotto/hideup-coike-shrimp-medium/
32596,hideup,Hideup Coike Shrimp XL,Spinning e Casting,grouped,7,13.90,13.90,https://clanpesca.com/prodotto/hideup-coike-shrimp-xl/
30881,hideup,HideUp Coike Thunder Elastomer,Spinning e Casting,grouped,2,21.00,21.00,https://clanpesca.com/prodotto/hideup-coike-thunder-elastomer/
32640,hideup,Hideup Judyfish 4.2,Spinning e Casting,grouped,6,11.90,11.90,https://clanpesca.com/prodotto/hideup-judyfish-4-2/
13376,imakatsu,Imakatsu Javallon 140,Soft Swimbait,grouped,1,23.90,23.90,https://clanpesca.com/prodotto/imakatsu-javallon-140/
16240,ivyline,Ivyline Acti Gr 1.2,Trout Area,grouped,13,6.60,6.60,https://clanpesca.com/prodotto/ivyline-acti-gr-1-2-2/
13492,ivyline,Ivyline Acti Mini Gr 1,Spoon,grouped,9,6.60,6.60,https://clanpesca.com/prodotto/ivyline-acti-mini-gr-1/
33299,keitech,Keitech Shad Impact 2″,Mare,grouped,7,7.95,7.95,https://clanpesca.com/prodotto/keitech-shad-impact-2%e2%80%b3/
33328,keitech,Keitech Shad Impact 3″,Mare,grouped,8,7.95,7.95,https://clanpesca.com/prodotto/keitech-shad-impact-3%e2%80%b3/
23042,keitech,"Keitech Swing Impact 3""",Spinning e Casting,grouped,6,8.90,8.90,https://clanpesca.com/prodotto/keitech-swing-impact-3/
23065,keitech,"Keitech Swing Impact 4""",Spinning e Casting,grouped,4,7.95,7.95,https://clanpesca.com/prodotto/keitech-swing-impact-4/
33066,keitech,"Keitech Swing Impact FAT 7.8""",Luccio,grouped,4,11.99,11.99,https://clanpesca.com/prodotto/keitech-swing-impact-fat-7-8/
21456,legio-aurea,Legio Aurea Augustus 4.5,Spinning e Casting,grouped,1,7.75,7.75,https://clanpesca.com/prodotto/legio-aurea-augustus-4-5/
21471,legio-aurea,Legio Aurea Commodus 5,Spinning e Casting,grouped,1,7.75,7.75,https://clanpesca.com/prodotto/legio-aurea-commodus-5/
21485,legio-aurea,Legio Aurea Roma 4.5,Spinning e Casting,grouped,3,7.75,7.75,https://clanpesca.com/prodotto/legio-aurea-roma-4-5/
21450,legio-aurea,Legio Aurea Scorpio 4.25,Spinning e Casting,grouped,5,7.75,7.75,https://clanpesca.com/prodotto/legio-aurea-scorpio-4-25/
21464,legio-aurea,Legio Aurea Serpens 4.25,Mare,grouped,1,6.75,6.75,https://clanpesca.com/prodotto/legio-aurea-serpens-4-25/
27403,little-jack,Little Jack Metal Adict Type 0 Gr 20,Mare,grouped,6,12.90,12.90,https://clanpesca.com/prodotto/metal-adict-gr-20/
27420,little-jack,Little Jack Metal Adict Type 0 Gr 30,Mare,grouped,6,13.95,13.95,https://clanpesca.com/prodotto/metal-adict-30/
27433,little-jack,Little Jack Metal Adict Type 0 Gr 40,Mare,grouped,6,14.50,14.50,https://clanpesca.com/prodotto/little-jack-metal-adict-type-0-gr-40/
27453,little-jack,Little Jack Metal Adict Type 1 Gr 12,Mare,grouped,6,11.50,11.50,https://clanpesca.com/prodotto/little-jack-metal-adict-type-1-gr-12/
27472,little-jack,Little Jack Metal Adict Type 1 Gr 18,Mare,grouped,6,11.50,11.50,https://clanpesca.com/prodotto/little-jack-metal-adict-type-1-gr-18/
27497,little-jack,Little Jack Metal Adict Type 1 Gr 30,Mare,grouped,6,12.50,12.50,https://clanpesca.com/prodotto/little-jack-metal-adict-type-1-gr-30/
27754,little-jack,Little Jack More Keen Type 01 Gr 20 MM 72,Mare,grouped,5,13.95,13.95,https://clanpesca.com/prodotto/little-jack-more-keen-type-01-gr-20-mm-72/
27771,little-jack,Little Jack More Keen Type 01 Gr 30 MM 72,Mare,grouped,5,13.95,13.95,https://clanpesca.com/prodotto/little-jack-more-keen-type-01-gr-30-mm-72/
27784,little-jack,Little Jack More Keen Type 01 Gr 40 MM 91,Mare,grouped,4,14.95,14.95,https://clanpesca.com/prodotto/little-jack-more-keen-type-01-gr-40-mm-91/
27794,little-jack,Little Jack More Keen Type 02 Gr 14 MM 51,Mare,grouped,4,12.95,12.95,https://clanpesca.com/prodotto/little-jack-more-keen-type-02-gr-14-mm-51/
27802,little-jack,Little Jack More Keen Type 02 Gr 21 MM 60,Mare,grouped,4,12.95,12.95,https://clanpesca.com/prodotto/little-jack-more-keen-type-02-gr-21-mm-60/
27811,little-jack,Little Jack More Keen Type 02 Gr 28 MM 66,Mare,grouped,4,13.95,13.95,https://clanpesca.com/prodotto/little-jack-more-keen-type-02-gr-28-mm-66/
27821,little-jack,Little Jack More Keen Type 02 Gr 38 MM 74,Mare,grouped,4,14.95,14.95,https://clanpesca.com/prodotto/little-jack-more-keen-type-02-gr-38-mm-74/
16327,livetarget,Livetarget Adult Trout Swimbait,Spinning e Casting,grouped,1,14.90,14.90,https://clanpesca.com/prodotto/livetarget-adult-trout-swimbait-2/
22793,livetarget,LiveTarget Freestyle Frog 3.1/2,Spinning e Casting,grouped,3,11.90,11.90,https://clanpesca.com/prodotto/livetarget-freestyle-frog-3-1-2/
22785,livetarget,"LiveTarget Freestyle Frog 3""",Spinning e Casting,grouped,3,11.90,11.90,https://clanpesca.com/prodotto/livetarget-freestyle-frog-3/
16407,livetarget,Livetarget Hollow Body Shiner,Mare,grouped,3,13.90,13.90,https://clanpesca.com/prodotto/livetarget-hollow-body-shiner/
25312,livetarget,"LiveTarget Sunfish Hollow Body 3.1/2"" mm 90 Gr 18",Luccio,grouped,3,12.50,12.50,https://clanpesca.com/prodotto/livetarget-sunfish-hollow-body-3-1-2-mm-90-gr-18/
24831,livetarget,"Livetarget Sunfish Swimbait Cm 11,10 Gr 29",Luccio,grouped,2,12.50,12.50,https://clanpesca.com/prodotto/sunfish-swimbait-cm-1110/
22833,livetarget,Mustad Vertebrata 72 mm 10 Gr,Mare,grouped,5,11.90,11.90,https://clanpesca.com/prodotto/livetarget-vertebrata-72mm-10-gr/
22845,livetarget,Mustad Vertebrata 93 mm 16 Gr,Mare,grouped,5,13.90,13.90,https://clanpesca.com/prodotto/livetarget-vertebrata-93-mm-16-gr/
22862,livetarget,Mustad Vertebrata Topwater 75,Mare,grouped,4,11.90,11.90,https://clanpesca.com/prodotto/livetarget-vertebrata-topwater-75/
22867,livetarget,Mustad Vertebrata Topwater 95,Mare,grouped,4,14.50,14.50,https://clanpesca.com/prodotto/livetarget-vertebrata-topwater-95/
22874,lucky-craft,Lucky Craft Kelly J Topwater,Spinning e Casting,grouped,2,19.89,19.89,https://clanpesca.com/prodotto/lucky-craft-kelly-j-topwater/
15356,lucky-craft,Lucky Craft LC 2.5 Shallow Crank,Crankbait,grouped,4,16.99,16.99,https://clanpesca.com/prodotto/lucky-craft-lc-2-5-shallow-crank/
13701,lucky-craft,Lucky Craft Sammy 118Sp Col Flake Flake Golden Sunfish,Top Water Mare,simple,0,13.79,13.79,https://clanpesca.com/prodotto/lucky-craft-sammy-118sp-col-flake-flake-golden-sunfish/
25857,lucky-john,Lucky John Kubira FireTail 9',Luccio,grouped,6,7.90,7.90,https://clanpesca.com/prodotto/lucky-john-kubira-firetail/
26159,lucky-john,Lucky John Kubira Swim Shad 10.3,Luccio,grouped,4,11.50,11.50,https://clanpesca.com/prodotto/lucky-john-kubira-swim-shad-10-3/
26185,lucky-john,Lucky John Kubira Swim Shad 7”,Luccio,grouped,11,8.50,8.50,https://clanpesca.com/prodotto/lucky-john-kubira-swim-shad-7/
26189,lucky-john,Lucky John Kubira Swim Shad 9”,Luccio,grouped,9,7.50,7.50,https://clanpesca.com/prodotto/lucky-john-swim-shad-9/
25740,lurefans,Lurefans Crank Double Kill DK4 Cm 4 Gr 8,Luccio,grouped,8,7.90,7.90,https://clanpesca.com/prodotto/lurefans-crank-double-kill-dk4-cm-4-gr-8/
25777,lurefans,Lurefans Crank Double Kill DK5 Cm 5.5 Gr 18,Luccio,grouped,7,9.90,9.90,https://clanpesca.com/prodotto/lurefans-crank-double-kill-dk5-cm-5-5-gr-18/
25794,lurefans,Lurefans Crank Double Kill DK7 Cm 7 Gr 28,Luccio,grouped,7,11.90,11.90,https://clanpesca.com/prodotto/lurefans-crank-double-kill-dk7-cm-7-gr-28/
14024,lures-factory,Goliath Buzzbait Junior,Buzzbait,grouped,1,9.90,9.90,https://clanpesca.com/prodotto/goliath-buzzbait-junior/
20540,lures-factory,Lures Factory Battle,Mare,grouped,4,14.50,14.50,https://clanpesca.com/prodotto/lures-factory-battle/
20503,lures-factory,Lures Factory Stream,Mare,grouped,5,14.50,14.50,https://clanpesca.com/prodotto/lures-factory-stream/
20523,lures-factory,Lures Factory Wave,Mare,grouped,4,14.50,14.50,https://clanpesca.com/prodotto/lures-factory-wave/
31274,major-craft,Major Craft Ceana Casting Reel,Spinning e Casting,grouped,3,175.00,175.00,https://clanpesca.com/prodotto/major-craft-ceana-casting-reel/
31390,major-craft,Major Craft Ceana Italy Edition,Luccio,grouped,6,135.00,155.00,https://clanpesca.com/prodotto/major-craft-ceana-italy-edition/
31686,major-craft,Major Craft Finetail Begins 562UL+ Spinning,Spinning e Casting,simple,0,265.00,265.00,https://clanpesca.com/prodotto/major-craft-finetail-begins-562ul-spinning/
31690,major-craft,Major Craft Finetail Begins 722L Spinning,Spinning e Casting,simple,0,295.00,295.00,https://clanpesca.com/prodotto/major-craft-finetail-begins-722l-spinning/
31694,major-craft,Major Craft Finetail Begins 762MH Spinning,Minuteria,simple,0,319.00,319.00,https://clanpesca.com/prodotto/major-craft-finetail-begins-762mh-spinning/
31696,major-craft,Major Craft Finetail Begins 862MH Spinning,Spinning e Casting,simple,0,345.00,345.00,https://clanpesca.com/prodotto/major-craft-finetail-begins-862mh-spinning/
31746,major-craft,Major Craft Finetail Eden 45S Gr 3.7 Cm 4.5,Spinning e Casting,grouped,1,16.80,16.80,https://clanpesca.com/prodotto/major-craft-finetail-eden-45s-gr-3-7-cm-4-5/
31739,major-craft,Major Craft Finetail Eden 45SS Gr 3 Cm 4.5,Spinning e Casting,grouped,4,16.80,16.80,https://clanpesca.com/prodotto/major-craft-finetail-eden-45ss-gr-3-cm-4-5/
31723,major-craft,Major Craft Finetail Eden 60H Gr 7 Cm 6,Spinning e Casting,grouped,5,17.95,17.95,https://clanpesca.com/prodotto/major-craft-finetail-eden-60h-gr-7-cm-6/
21216,major-craft,"Major Craft Finetail Eden Minnow 50H Gr 5,5 Cm 5",Spinning e Casting,grouped,6,16.95,16.95,https://clanpesca.com/prodotto/major-craft-finetail-eden-minnow-50/
31679,major-craft,Major Craft Troutino Stream Trout 562L Spinning,Spinning e Casting,simple,0,235.00,235.00,https://clanpesca.com/prodotto/major-craft-troutino-stream-trout-562l-spinning/
31676,major-craft,Major Craft Troutino Stream Trout B4102UL Baitcasting,Spinning e Casting,simple,0,235.00,235.00,https://clanpesca.com/prodotto/major-craft-troutino-stream-trout-b4102ul-baitcasting/
31678,major-craft,Major Craft Troutino Stream Trout B502L Baitcasting,Spinning e Casting,simple,0,235.00,235.00,https://clanpesca.com/prodotto/major-craft-troutino-stream-trout-b502l-baitcasting/
26592,major-craft,Mulinello Ceana Major Craft,Luccio,grouped,3,110.00,119.00,https://clanpesca.com/prodotto/mulinello-ceana-major-craft/
27689,marukyu,Marukyu Isome Ragworm Size Large,Mare,grouped,2,8.95,8.95,https://clanpesca.com/prodotto/marukyu-isome-ragworm-size-large/
27677,marukyu,Marukyu Isome Ragworm Size X Large,Mare,grouped,4,8.95,8.95,https://clanpesca.com/prodotto/marukyu-isome-ragworm-size-x-large/
22043,meiho,Mehio Scatola Versus VS 1200 NDDM CLear,Mare,simple,0,18.90,18.90,https://clanpesca.com/prodotto/mehio-scatola-versus-vs-1200-nddm-clear/
22059,meiho,Mehio Scatola Versus VS 3020 NS Black,Mare,simple,0,15.50,15.50,https://clanpesca.com/prodotto/mehio-scatola-versus-vs-3020-ns-black/
21984,meiho,Valigetta Meiho VS 3078,Mare,grouped,4,79.90,79.90,https://clanpesca.com/prodotto/valigetta-meiho-vs-3078/
21970,meiho,Valigetta Meiho VS 3080,Mare,grouped,4,94.90,94.90,https://clanpesca.com/prodotto/valigetta-meiho-vs-3080/
13934,mikado,Bait Glove,Accessori Vari,simple,0,5.90,5.90,https://clanpesca.com/prodotto/bait-glove/
24537,mikado,Girella Mikado Jaws Fourfold Swivels,Luccio,grouped,2,3.90,3.90,https://clanpesca.com/prodotto/girella-mikado-jaws/
24524,mikado,Guanti Mikado Gloves Mittens,Abbigliamento,grouped,3,19.95,19.95,https://clanpesca.com/prodotto/guanti-mikado-gloves-mittens/
20754,mikado,Mikado AMA02 Swivel Triple Whit Snap,Mare,grouped,3,4.95,4.95,https://clanpesca.com/prodotto/mikado-ama02-swivel-triple-whit-snap/
20762,mikado,Mikado AMA02-091 Round Snap with Swivel,Mare,grouped,5,2.95,2.95,https://clanpesca.com/prodotto/mikado-ama02-091-round-snap-with-swivel/
20695,mikado,Mikado Bait Indicator Cat Territory Bang Set 2+1,Siluro,simple,0,120.00,120.00,https://clanpesca.com/prodotto/mikado-bait-indicator-cat-territory-bang-set-21/
20728,mikado,Mikado Barrel Swivel Triple Ama-A1400,Mare,grouped,3,4.50,4.90,https://clanpesca.com/prodotto/mikado-barrel-swivel-triple-ama-a1400/
13168,mikado,Mikado Bogey Cat Territory Gr. 100,Vertical Jig Siluro,grouped,4,22.50,22.50,https://clanpesca.com/prodotto/mikado-bogey-cat-territory-gr-100/
20076,mikado,Mikado Canna Bogey,Siluro,grouped,1,129.00,129.00,https://clanpesca.com/prodotto/mikado-canna-bogey/
27161,mikado,Mikado Cat Territory,Luccio,grouped,2,59.00,65.00,https://clanpesca.com/prodotto/mikado-cat-territory/
20781,mikado,Mikado Cat Territory 8X Octa Braid 300 MT,Mare,grouped,2,49.50,54.50,https://clanpesca.com/prodotto/mikado-cat-territory-8x-octa-braid-300-mt/
16706,mikado,Mikado Cat Territory Catvert,Siluro,grouped,2,12.90,12.90,https://clanpesca.com/prodotto/mikado-cat-territory-catvert/
24516,mikado,Mikado Cover Casting Reel Neoprene,Luccio,simple,0,12.50,12.50,https://clanpesca.com/prodotto/mikado-cover-casting-reel/
20069,mikado,Mikado Donkey Silupro,Siluro,grouped,2,155.00,155.00,https://clanpesca.com/prodotto/mikado-donkey-silupro/
17049,mikado,Mikado Dreamline Competition,Spinning e Casting,grouped,4,29.90,29.90,https://clanpesca.com/prodotto/fladen-dreamline-competition/
17044,mikado,Mikado Dreamline Ultralight,Spinning e Casting,grouped,2,29.90,29.90,https://clanpesca.com/prodotto/dreamline-ultralight/
17058,mikado,Mikado Dreamline Ultralight White,Spinning e Casting,grouped,2,29.90,29.90,https://clanpesca.com/prodotto/fladen-dreamline-ultralight-white/
28710,mikado,Mikado Fluorocarbon Cat Territory Mt 20,Luccio,grouped,2,25.90,34.90,https://clanpesca.com/prodotto/mikado-fluorocarbon-cat-territory-mt-20/
13925,mikado,Mikado Girella a Barilotto Black,Girelle & Moschettoni,grouped,3,4.90,4.90,https://clanpesca.com/prodotto/mikado-girella-a-barilotto-black/
13921,mikado,Mikado Girella a Barilotto con Moschettone Nero Opaco,Girelle & Moschettoni,grouped,2,4.90,4.90,https://clanpesca.com/prodotto/mikado-girella-a-barilotto-con-moschettone-nero-opaco/
13933,mikado,Mikado Girella con Cuscinetto Black,Girelle e Moschettoni,grouped,4,4.90,5.90,https://clanpesca.com/prodotto/mikado-girella-con-cuscinetto-black/
13938,mikado,Mikado Girella con Moschettone a Spirale Black,Girelle & Moschettoni,grouped,3,5.50,6.50,https://clanpesca.com/prodotto/mikado-girella-con-moschettone-a-spirale-black/
21085,mikado,Mikado Glove - For Landing Fish,Abbigliamento,grouped,2,16.90,16.90,https://clanpesca.com/prodotto/mikado-glove-for-landing-fish/
20775,mikado,Mikado Hook Cat Territory Forged Force,Siluro,grouped,1,5.50,5.50,https://clanpesca.com/prodotto/mikado-hook-cat-territory-forged-force/
20749,mikado,Mikado HX3030 Barrel Swivel,Mare,grouped,6,3.50,4.50,https://clanpesca.com/prodotto/mikado-hx3030-barrel-swivel/
20741,mikado,Mikado HX3050 girella Fastlock,Mare,grouped,3,2.95,2.95,https://clanpesca.com/prodotto/mikado-hx3050-girella-fastlock/
28734,mikado,Mikado Jaws Balancer,Luccio,grouped,2,2.50,2.95,https://clanpesca.com/prodotto/mikado-jaws-balancer/
13306,mikado,Mikado Jig Head Jaws Classic Gr 15-20,Jig Head,grouped,11,4.50,4.90,https://clanpesca.com/prodotto/mikado-jig-head-jaws-classic-gr-15-20/
13307,mikado,Mikado Jig Head Jaws Classic Gr 25-30,Jig Head,grouped,9,5.50,5.90,https://clanpesca.com/prodotto/mikado-jig-head-jaws-classic-gr-25-30/
13308,mikado,Mikado Jig Head Jaws Classic Gr 35-40,Jig Head,grouped,7,6.50,6.90,https://clanpesca.com/prodotto/mikado-jig-head-jaws-classic-gr-35-40/
13309,mikado,Mikado Jig Head Jaws Classic Gr 7-10,Jig Head,grouped,10,3.50,3.90,https://clanpesca.com/prodotto/mikado-jig-head-jaws-classic-gr-7-10/
13253,mikado,Mikado Lead Head Jaws With Screw,Armature,grouped,8,3.00,6.50,https://clanpesca.com/prodotto/mikado-lead-head-jaws-with-screw/
21789,mikado,Mikado Magnetic For Net Kg 3.5,Mare,simple,0,14.50,14.50,https://clanpesca.com/prodotto/mikado-magnetic-for-net-kg-3-5/
24500,mikado,Mikado MFT Perch CM 16 GR 56,Luccio,grouped,6,8.50,8.50,https://clanpesca.com/prodotto/mikado-mft-perch/
24495,mikado,Mikado MFT Perch Cm 21 GR 108,Luccio,grouped,4,11.99,11.99,https://clanpesca.com/prodotto/mikado-mft-perch-cm-21-gr-108/
24509,mikado,Mikado MFT Perch CM 25 Gr 188,Luccio,grouped,4,15.99,15.99,https://clanpesca.com/prodotto/mikado-mft-perch-cm-25-gr-188/
26846,mikado,Mikado MFT Roach cm 15 Gr 50,Luccio,grouped,11,12.00,12.00,https://clanpesca.com/prodotto/mikado-mft-roach-cm-15-gr-50/
13234,mikado,Mikado MFT Roach Cm 18 gr 90,Siluro,grouped,11,9.50,9.50,https://clanpesca.com/prodotto/mikado-mft-roach-cm-18-gr-90/
26537,mikado,Mikado MFT Swimbait 10 cm 41g Slow Sinking,Luccio,grouped,1,13.99,13.99,https://clanpesca.com/prodotto/mikado-mft-swimbait-10-cm-41g-slow-sinking/
29677,mikado,Mikado Monster Spinner N 7,Luccio,grouped,3,10.95,10.95,https://clanpesca.com/prodotto/mikado-monster-spinner-n-7/
13192,mikado,Mikado MTF Roach Gr 50 cm 15,Siluro,grouped,11,12.00,12.00,https://clanpesca.com/prodotto/mikado-mtf-roach-gr-50-cm-15/
22303,mikado,Mikado Pin For Lures,Siluro,grouped,2,2.90,2.90,https://clanpesca.com/prodotto/mikado-pin-for-lures/
33405,mikado,Mikado Red Cat Light Distance,Siluro,grouped,2,135.00,135.00,https://clanpesca.com/prodotto/mikado-red-cat-light-distance/
33413,mikado,Mikado Red Cat Spin & Troll,Siluro,grouped,3,120.00,125.00,https://clanpesca.com/prodotto/mikado-red-cat-spin-troll/
28722,mikado,Mikado Reel Case Neoprene Spinning,Luccio,grouped,2,13.95,14.95,https://clanpesca.com/prodotto/mikado-reel-case-neoprene-spinning/
21092,mikado,Mikado Rod - Katsudo Heavy Hunter Spin,Spinning e Casting,grouped,2,99.00,109.00,https://clanpesca.com/prodotto/mikado-rod-katsudo-heavy-hunter-spin/
21102,mikado,Mikado Rod Progressive,Spinning e Casting,grouped,6,115.00,125.00,https://clanpesca.com/prodotto/mikado-rod-progressive/
20702,mikado,Mikado Rod Rest Cat Territory,Siluro,simple,0,25.00,25.00,https://clanpesca.com/prodotto/mikado-rod-rest-cat-territory/
13978,mikado,Mikado Set Catfish Intro Cat Cm 120,Armature,grouped,2,4.90,4.90,https://clanpesca.com/prodotto/mikado-set-catfish-intro-cat-cm-120/
13975,mikado,Mikado Set Catfish Intro Cat Cm 120 Amo Mis 2/0,Armature,simple,0,4.90,4.90,https://clanpesca.com/prodotto/mikado-set-catfish-intro-cat-cm-120-amo-mis-2-0/
13976,mikado,Mikado Set Catfish Intro Cat Cm 120 Amo Mis 4/0,Armature,simple,0,4.90,4.90,https://clanpesca.com/prodotto/mikado-set-catfish-intro-cat-cm-120-amo-mis-4-0/
28697,mikado,Mikado Sharpener 7.8 cm,Pinze e Forbici,simple,0,3.95,3.95,https://clanpesca.com/prodotto/mikado-sharpener-7-8-cm/
13244,mikado,Mikado Sicario Cm 18 Gr 50,Shad,grouped,8,11.50,11.50,https://clanpesca.com/prodotto/mikado-sicario-cm-18-gr-50/
13219,mikado,Mikado Sicario Cm 22 Gr 90,Shad,grouped,7,9.50,9.50,https://clanpesca.com/prodotto/mikado-sicario-gr-95-cm-22/
13226,mikado,Mikado Sicario Pike Tail Cm 18 Gr 33,Shad,grouped,10,12.50,12.50,https://clanpesca.com/prodotto/mikado-sicario-pike-tail-cm-18-gr-33/
21812,mikado,Mikado Sling Bagpack,Mare,simple,0,35.00,35.00,https://clanpesca.com/prodotto/mikado-sling-bagpack/
20721,mikado,Mikado Snap Spinning HX3070,Mare,grouped,5,1.90,1.90,https://clanpesca.com/prodotto/mikado-snap-spinning-hx3070/
13180,mikado,Mikado Spoon Clicker Gr 65 Cm 11,Ondulanti,grouped,2,8.50,8.50,https://clanpesca.com/prodotto/mikado-spoon-clicker-gr-65-cm-11/
24553,mikado,Mikado Straightening Jaws Clip Weights,Luccio,grouped,3,4.50,4.50,https://clanpesca.com/prodotto/jaws-clip-weights/
29693,mikado,Mikado Trython Spoon Gr 24,Luccio,grouped,3,7.50,7.50,https://clanpesca.com/prodotto/mikado-trython-spoon-gr-24/
24543,mikado,Mulinello Mikado Intro Float,Mare,grouped,3,25.00,29.00,https://clanpesca.com/prodotto/mikado-intro-float/
24511,mikado,Mulinello Mikado Sky Dream,Mare,grouped,2,165.00,179.00,https://clanpesca.com/prodotto/mulinello-mikado-sky-dream/
16741,mikado,Piombo galleggiante SMCT Rattle di Mikado,Siluro,grouped,4,4.50,5.90,https://clanpesca.com/prodotto/piombo-galleggiante-smct-rattle-di-mikado/
16732,mikado,Piombo galleggiante SMCT Silent di Mikado,Siluro,grouped,3,3.90,4.50,https://clanpesca.com/prodotto/piombo-galleggiante-smct-di-mikado/
24626,milo,Milo Redvolution Cyclops Mt 4.20 Gr 250,Mare,simple,0,219.00,219.00,https://clanpesca.com/prodotto/milo-redvolution-cyclops-mt-4-20-gr-250/
12737,molix,"Molix Baby Caleo Craw 3""",Creature & Craw,grouped,3,6.98,6.98,https://clanpesca.com/prodotto/molix-baby-caleo-craw-3/
12769,molix,Molix Borsa Waterproof Dry Bag,Borse,grouped,2,20.90,28.00,https://clanpesca.com/prodotto/molix-borsa-waterproof-dry-bag/
12751,molix,"Molix Caleo Craw 4""",Creature & Craw,grouped,9,4.50,6.98,https://clanpesca.com/prodotto/molix-caleo-craw-4/
12764,molix,"Molix Craw Flex 3""",Creature & Craw,grouped,7,6.98,6.98,https://clanpesca.com/prodotto/molix-craw-flex-3/
14873,molix,"Molix Creature 4""",Creature & Craw,grouped,6,8.90,8.90,https://clanpesca.com/prodotto/molix-creature-4/
13740,molix,Molix Drop Shot Sinker,Piombi,grouped,3,5.50,5.90,https://clanpesca.com/prodotto/molix-drop-shot-sinker/
12799,molix,Molix Elastic Rod Wrap,Foderi Portacanne,grouped,1,10.40,10.40,https://clanpesca.com/prodotto/molix-elastic-rod-wrap/
12797,molix,Molix Elite Area Spoon Gr 0.8,Spoon,grouped,5,6.50,6.50,https://clanpesca.com/prodotto/molix-elite-area-spoon-gr-0-8/
13141,molix,Molix Eva Tackle Bag,Borse,grouped,3,18.90,27.90,https://clanpesca.com/prodotto/molix-eva-tackle-bag/
25511,molix,Molix Feathered Treble Hooks Red-White,Luccio,grouped,3,8.10,8.98,https://clanpesca.com/prodotto/molix-feathered-treble-hooks-red-white/
12767,molix,Molix Finder Jerk 150,Jerkbait,grouped,2,17.69,17.69,https://clanpesca.com/prodotto/molix-finder-jerk-150/
25504,molix,Molix Finder Jerk EVO 110 Suspending Cm 11 Gr 9.5,Luccio,grouped,8,18.88,18.88,https://clanpesca.com/prodotto/molix-finder-jerk-evo-110-suspending-cm-11-gr-9-5/
25462,molix,Molix Finder Jerk EVO 110SS SLow Sinking Cm 11 Gr 10,Luccio,grouped,8,18.88,18.88,https://clanpesca.com/prodotto/molix-finder-jerk-evo-110ss-slow-sinking-cm-11-gr-10/
25290,molix,Molix Finder Jerk EVO 125 F cm 12.5 gr 15,Mare,grouped,9,18.95,18.95,https://clanpesca.com/prodotto/molix-finder-jerk-evo-125-f-cm-12-5-gr-15/
25878,molix,Molix Finder Jerk EVO 150 SS,Luccio,grouped,8,18.85,18.85,https://clanpesca.com/prodotto/molix-finder-jerk-evo-150-ss/
32109,molix,Molix Finder Jerk EVO 90 SP,Mare,grouped,8,17.98,17.98,https://clanpesca.com/prodotto/molix-finder-jerk-evo-90-sp/
14925,molix,Molix Fioretto Speciale,Monopezzo,grouped,3,359.50,499.90,https://clanpesca.com/prodotto/molix-fioretto-speciale/
24349,molix,Molix Fioretto Trofeo Casting,Luccio,grouped,2,249.00,255.00,https://clanpesca.com/prodotto/molix-fioretto-trofeo-casting-82-1-4-oz-2/
24352,molix,Molix Fioretto Trofeo Casting Offset,Luccio,grouped,1,259.00,259.00,https://clanpesca.com/prodotto/molix-fioretto-trofeo-casting-offset/
14192,molix,Molix Fluorocarbon 70 MT,Fili Fluorocarbon,grouped,7,13.00,20.80,https://clanpesca.com/prodotto/molix-fluorocarbon-70-mt/
12820,molix,"Molix Freaky Craw 2.8""",Creature & Craw,grouped,13,6.79,6.79,https://clanpesca.com/prodotto/molix-freaky-craw-2-8/
12808,molix,"Molix Freaky Craw 4""",Creature & Craw,grouped,6,6.79,6.79,https://clanpesca.com/prodotto/molix-freaky-craw-4/
12828,molix,"Molix Freaky Flex 3""",Creature & Craw,grouped,4,6.29,6.29,https://clanpesca.com/prodotto/molix-freaky-flex-3/
12862,molix,"Molix Freaky Flip 4""",Creature & Craw,grouped,3,6.59,6.59,https://clanpesca.com/prodotto/molix-freaky-flip-4/
12871,molix,Molix FS Spinnerbait WT 5/16 Oz Heritage colors,Spinnerbait,grouped,8,10.78,10.78,https://clanpesca.com/prodotto/molix-fs-spinnerbait-wt-5-16-oz-heritage-colors/
25874,molix,Molix Glide Bait 130 Dying,Spinning e Casting,grouped,7,29.99,29.99,https://clanpesca.com/prodotto/molix-glide-130-dying/
20631,molix,Molix Glide Bait 130 Floating,Siluro,grouped,9,27.90,29.90,https://clanpesca.com/prodotto/molix-glide-bait-130-floating/
20672,molix,Molix Glide Bait 130 Slow Sinking,Siluro,grouped,16,27.90,29.99,https://clanpesca.com/prodotto/molix-glide-bait-130-slow-sinking/
12835,molix,Molix Glide Bait 140 Floating,Swimbait Luccio,grouped,6,31.50,31.50,https://clanpesca.com/prodotto/molix-glide-bait-140-floating/
12843,molix,Molix Glide Bait 140 Floating Lip,Swimbait Luccio,grouped,7,31.50,31.50,https://clanpesca.com/prodotto/molix-glide-bait-140-floating-lip/
26873,molix,Molix Glide Bait 140 Slow Sinking Cm 14 Gr 68,Luccio,grouped,2,29.88,29.88,https://clanpesca.com/prodotto/molix-glide-bait-140-slow-sinking-cm-14-gr-68/
12849,molix,Molix Glide Bait 178 Floating,Swimbait Luccio,grouped,5,26.98,26.98,https://clanpesca.com/prodotto/molix-glide-bait-178-floating/
12791,molix,Molix Glide Bait 178 Slow Sinking,Swimbait Luccio,grouped,16,29.98,32.70,https://clanpesca.com/prodotto/molix-glide-bait-178-slow-sinking/
31260,molix,Molix Glide Bait 178 SS LureBuilders,Luccio,grouped,4,32.40,32.40,https://clanpesca.com/prodotto/molix-glide-bait-178-ss-lurebuilders/
26381,molix,Molix Glide Bait 178F Baroni Baits Limited Edition,Spinning e Casting,grouped,6,89.98,89.98,https://clanpesca.com/prodotto/molix-glide-bait-178f-baroni-baits-limited-edition/
30697,molix,Molix Glide Bait 90 SS CM 9 Gr 12.5,Siluro,grouped,8,17.98,17.98,https://clanpesca.com/prodotto/molix-glide-bait-90-ss-cm-9-gr-12-5/
12878,molix,Molix Hybrid Swimmer 165,Luccio,grouped,8,17.99,17.99,https://clanpesca.com/prodotto/molix-hybrid-swimmer-165/
12952,molix,Molix Hyper Split Ring,Girelle & Moschettoni,grouped,7,5.90,6.90,https://clanpesca.com/prodotto/molix-hyper-split-ring/
12957,molix,Molix Insert Tungsten,Piombi,grouped,4,5.90,11.50,https://clanpesca.com/prodotto/molix-insert-tungsten/
12925,molix,Molix Jig Blades,Jig Head,grouped,3,3.60,3.60,https://clanpesca.com/prodotto/molix-jig-blades/
21203,molix,Molix Jubar Smart 70 FS Fast Sinking Gr 10 Cm 7,Spinning e Casting,grouped,1,15.50,15.50,https://clanpesca.com/prodotto/molix-jubar-smart-70-fast-sinking-gr-10-cm-7/
15605,molix,"Molix Jubar Smart Suspending Cm 8,5 Gr 9",Jerkbait,grouped,2,16.75,16.75,https://clanpesca.com/prodotto/molix-jubar-smart/
31765,molix,Molix Jubarino Cm 5 Gr 2.5,Spinning e Casting,grouped,7,11.95,11.95,https://clanpesca.com/prodotto/molix-jubarino-cm-5-gr-2-5/
21178,molix,Molix Jubarino Fast Sinking Gr 4.5 Cm 5,Spinning e Casting,grouped,7,14.00,14.00,https://clanpesca.com/prodotto/molix-jubarino-fast-sinking-gr-4-5-cm-5/
15439,molix,Molix Jugulo Casting Jig Gr 40,Metal Jig,grouped,4,13.75,13.75,https://clanpesca.com/prodotto/molix-jugulo-casting-jig-gr-40/
15424,molix,Molix Jugulo Casting Jig Gr. 15,Metal Jig,grouped,4,11.50,11.50,https://clanpesca.com/prodotto/molix-jugulo-casting-jig-gr-15/
15113,molix,Molix Jugulo Casting Jig Gr. 20,Metal Jig,grouped,6,12.50,12.50,https://clanpesca.com/prodotto/molix-jugulo-casting-jig-gr-20/
15431,molix,Molix Jugulo Casting Jig Gr. 25,Metal Jig,grouped,6,12.90,12.90,https://clanpesca.com/prodotto/molix-jugulo-casting-jig-gr-25/
15434,molix,Molix Jugulo Casting Jig Gr. 30,Metal Jig,grouped,2,13.30,13.30,https://clanpesca.com/prodotto/molix-jugulo-casting-jig-gr-30/
25928,molix,Molix Jugulo Plus Casting Jig Gr 10,Mare,grouped,6,10.90,10.90,https://clanpesca.com/prodotto/molix-jugulo-plus-casting-jig-gr-10/
25935,molix,Molix Jugulo Plus Casting Jig Gr 20,Mare,grouped,6,12.95,12.95,https://clanpesca.com/prodotto/molix-jugulo-plus-casting-jig-gr-20/
25941,molix,Molix Jugulo Plus Casting Jig Gr 30,Mare,grouped,6,13.50,13.50,https://clanpesca.com/prodotto/molix-jugulo-plus-casting-jig-gr-30/
25953,molix,Molix Jugulo Plus Casting Jig Gr 40,Mare,grouped,6,14.50,14.50,https://clanpesca.com/prodotto/molix-jugulo-plus-casting-jig-gr-40/
25963,molix,Molix Jugulo Plus Casting Jig Gr 60,Mare,grouped,6,16.20,16.20,https://clanpesca.com/prodotto/molix-jugulo-plus-casting-jig-gr-60/
25972,molix,Molix Jugulo Plus Casting Jig Gr 80,Mare,grouped,6,16.20,16.20,https://clanpesca.com/prodotto/molix-jugulo-plus-casting-jig-gr-80/
12893,molix,Molix Jugulo Wide Casting Jig Gr 10,Metal Jig,grouped,15,10.50,10.50,https://clanpesca.com/prodotto/molix-jugulo-wide-casting-jig-gr-10/
25729,molix,Molix Jugulo Wide Casting Jig Gr 30,Mare,grouped,10,13.50,13.50,https://clanpesca.com/prodotto/molix-jugulo-wide-casting-jig-gr-30/
14827,molix,Molix Jugulo Wide Casting Jig Gr 60,Metal Jig,grouped,2,15.90,15.90,https://clanpesca.com/prodotto/molix-jugulo-wide-casting-jig-gr-60/
12886,molix,Molix Jugulo Wide Casting Jig Gr 7,Metal Jig,grouped,13,10.50,10.50,https://clanpesca.com/prodotto/molix-jugulo-wide-casting-jig-gr-7/
12921,molix,Molix Jugulo Wide Casting Jig Gr. 20,Metal Jig,grouped,12,12.95,12.95,https://clanpesca.com/prodotto/molix-jugulo-wide-casting-jig-gr-20/
12989,molix,Molix Kento Jig 1/4 Oz,Jig,grouped,5,5.35,5.35,https://clanpesca.com/prodotto/molix-kento-jig-1-4-oz/
14884,molix,"Molix Lizard 6""",Creature & Craw,grouped,7,7.98,7.98,https://clanpesca.com/prodotto/molix-lizard-6/
20599,molix,Molix Lover Short Arm 1/2 oz,Spinning e Casting,grouped,4,14.85,14.85,https://clanpesca.com/prodotto/molix-lover-short-arm-1-2-oz/
20638,molix,Molix Lover Short Arm 3/4 oz,Spinning e Casting,grouped,1,15.30,15.30,https://clanpesca.com/prodotto/molix-lover-short-arm-3-4-oz/
20650,molix,Molix Lover Short Arm 3/8 oz,Spinning e Casting,grouped,5,14.85,14.85,https://clanpesca.com/prodotto/molix-lover-short-arm-3-8-oz/
14215,molix,Molix Lover Spoon 3/4 Oz by Mike Iaconelli,Ondulanti,grouped,1,13.25,13.25,https://clanpesca.com/prodotto/molix-lover-spoon-3-4-oz-by-mike-iaconelli/
14371,molix,Molix Muscle Ant Spinnerbait 1/2 Oz Double Indiana,Spinnerbait,grouped,4,15.70,15.70,https://clanpesca.com/prodotto/molix-muscle-ant-spinnerbait-1-2-oz-double-indiana/
14383,molix,Molix Muscle Ant Spinnerbait 3/8 Oz Double Indiana,Spinnerbait,grouped,4,15.70,15.70,https://clanpesca.com/prodotto/molix-muscle-ant-spinnerbait-3-8-oz-double-indiana/
32709,molix,Molix Nano Jig R 1/4 Oz 7 Gr,Spinning e Casting,grouped,4,7.60,7.60,https://clanpesca.com/prodotto/molix-nano-jig-r-1-4-oz-7-gr/
32688,molix,Molix Nano Jig R 1/8 Oz 3.5 Gr,Spinning e Casting,grouped,4,7.18,7.18,https://clanpesca.com/prodotto/molix-nano-jig-r-1-8-oz-3-5-gr/
32698,molix,Molix Nano Jig R 3/16 Oz 5 Gr,Spinning e Casting,grouped,4,7.60,7.60,https://clanpesca.com/prodotto/molix-nano-jig-r-3-16-oz-5-gr/
32678,molix,Molix Nano Jig R 3/32 Oz 2.5 Gr,Spinning e Casting,grouped,4,7.18,7.18,https://clanpesca.com/prodotto/molix-nano-jig-r-3-32-oz-2-5-gr/
32735,molix,Molix Nano Jig R 3/8 Oz 10.5 Gr,Spinning e Casting,grouped,4,8.10,8.10,https://clanpesca.com/prodotto/molix-nano-jig-r-3-8-oz-10-5-gr/
32720,molix,Molix Nano Jig R 5/16 Oz 9 Gr,Spinning e Casting,grouped,4,7.60,7.60,https://clanpesca.com/prodotto/molix-nano-jig-r-5-16-oz-9-gr/
14907,molix,Molix Outset All Round Series 2 Pezzi,Due Pezzi,grouped,1,170.00,170.00,https://clanpesca.com/prodotto/molix-outset-all-round-series-2-pezzi/
14906,molix,Molix Outset All Round Series Monopezzo,Monopezzo,grouped,1,170.00,170.00,https://clanpesca.com/prodotto/molix-outset-all-round-series-monopezzo/
14913,molix,Molix Outset Casting Series,Monopezzo,grouped,1,152.98,152.98,https://clanpesca.com/prodotto/molix-outset-casting-series/
23748,molix,Molix Pike Spinnerbait 1Oz (28GR) Single Willow,Luccio,grouped,4,18.90,18.90,https://clanpesca.com/prodotto/molix-pike-spinnerbait-1oz-28gr-single-willow/
20454,molix,Molix Pop Frog Cm 6.5 Gr 18,Spinning e Casting,grouped,6,13.48,13.48,https://clanpesca.com/prodotto/molix-pop-frog-cm-6-5-gr-18/
14053,molix,"Molix Ra Grub 4"" Bulk",Grub,grouped,5,1.10,1.10,https://clanpesca.com/prodotto/molix-ra-grub-4-bulk/
14095,molix,"Molix Ra Grub 6""",Luccio,grouped,8,8.98,8.98,https://clanpesca.com/prodotto/molix-ra-grub-6/
14952,molix,"Molix Ra Shad 2.5""",Siliconici,grouped,10,7.10,7.10,https://clanpesca.com/prodotto/molix-ra-shad-2-5/
14938,molix,"Molix Ra Shad 2""",Siliconici,grouped,4,6.70,6.70,https://clanpesca.com/prodotto/molix-ra-shad-2/
14972,molix,"Molix Ra Shad 3.5""",Siliconici,grouped,5,7.30,7.30,https://clanpesca.com/prodotto/molix-ra-shad-3-5/
14984,molix,"Molix Ra Shad 3.8""",Siliconici,grouped,11,8.50,8.50,https://clanpesca.com/prodotto/molix-ra-shad-3-8/
14966,molix,"Molix Ra Shad 3""",Siliconici,grouped,14,7.30,7.30,https://clanpesca.com/prodotto/molix-ra-shad-3/
15047,molix,"Molix Ra Shad 3"" Fat",Siliconici,grouped,6,8.10,8.10,https://clanpesca.com/prodotto/molix-ra-shad-3-fat/
30737,molix,Molix RA Shad 4 Flat,Mare,grouped,10,7.99,7.99,https://clanpesca.com/prodotto/molix-ra-shad-4-flat/
15053,molix,"Molix Ra Shad 4.5""",Siliconici,grouped,5,8.98,8.98,https://clanpesca.com/prodotto/molix-ra-shad-4-5/
14043,molix,"Molix Ra Twin 4"" Bulk",Grub,grouped,4,1.15,1.15,https://clanpesca.com/prodotto/molix-ra-twin-4-bulk/
14264,molix,Molix Rod Case,Foderi Portacanne,grouped,2,23.85,36.00,https://clanpesca.com/prodotto/molix-rod-case/
15123,molix,Molix Rolling Minnow 60 FS Baitfish Series,Minnow,grouped,11,15.75,15.75,https://clanpesca.com/prodotto/molix-rolling-minnow-60-fs-baitfish-series/
15497,molix,Molix Rolling Minnow 85 FS Baitfish Series,Minnow,grouped,12,16.15,16.15,https://clanpesca.com/prodotto/molix-rolling-minnow-85-fs-baitfish-series/
21304,molix,"Molix RT Flip Tail 1/2 Oz Gr 14 Cm 7,6",Spinning e Casting,grouped,8,8.30,8.30,https://clanpesca.com/prodotto/molix-rt-flip-tail-1-2-oz-gr-14-cm-76/
21292,molix,"Molix RT Flip Tail 3/8 Oz Gr 10,5 Cm 7,6",Spinning e Casting,grouped,10,7.95,7.95,https://clanpesca.com/prodotto/molix-rt-flip-tail-3-8-oz-gr-105-cm-76/
12897,molix,"Molix RT Fork Flex 3""",Siliconici,grouped,2,7.18,7.18,https://clanpesca.com/prodotto/molix-rt-fork-flex-3/
12939,molix,"Molix RT Fork Flex 4""",Siliconici,grouped,10,9.45,9.45,https://clanpesca.com/prodotto/molix-rt-fork-flex-4/
12908,molix,"Molix RT Fork Flex 5""",Siliconici,grouped,10,8.98,8.98,https://clanpesca.com/prodotto/molix-rt-fork-flex-5/
12923,molix,"Molix RT Fork Flex 6""",Shad,grouped,10,10.78,10.78,https://clanpesca.com/prodotto/molix-rt-fork-flex-6/
28451,molix,Molix RT Shad 2.8,Mare,grouped,10,10.37,10.37,https://clanpesca.com/prodotto/molix-rt-shad-2-8/
15093,molix,"Molix RT Shad 3.5""",Siliconici,grouped,12,9.50,9.50,https://clanpesca.com/prodotto/molix-rt-shad-3-5/
15097,molix,"Molix RT Shad 4.5""",Siliconici,grouped,3,9.50,9.50,https://clanpesca.com/prodotto/molix-rt-shad-4-5/
26420,molix,"Molix RT Shad 4"" Slim",Mare,grouped,8,10.50,10.50,https://clanpesca.com/prodotto/molix-rt-shad-4-slim/
15106,molix,"Molix RT Shad 5.5""",Siliconici,grouped,8,2.95,3.80,https://clanpesca.com/prodotto/molix-rt-shad-5-5/
25102,molix,"Molix RT Shad 7""",Spinning e Casting,grouped,3,5.40,5.40,https://clanpesca.com/prodotto/molix-rt-shad-7/
25454,molix,"Molix RT Shad 9"" Bulk",Luccio,grouped,6,8.99,8.99,https://clanpesca.com/prodotto/molix-rt-shad-9-bulk/
16071,molix,Molix S-Stick,Spinning e Casting,grouped,1,7.50,7.50,https://clanpesca.com/prodotto/molix-s-stick-2/
16020,molix,"Molix Sator Worm 4""",Spinning e Casting,grouped,6,7.50,7.50,https://clanpesca.com/prodotto/molix-sator-worm-4/
16047,molix,"Molix Sator Worm 5.8""",Spinning e Casting,grouped,8,7.99,7.99,https://clanpesca.com/prodotto/molix-sator-worm-5-8/
16029,molix,"Molix Sator Worm 5""",Spinning e Casting,grouped,3,7.99,7.99,https://clanpesca.com/prodotto/molix-sator-worm-5/
14898,molix,Molix SC Bug,Creature & Craw,grouped,8,7.20,7.20,https://clanpesca.com/prodotto/molix-sc-bug/
14838,molix,Molix Sculpo DR Rattlin,Crankbait,grouped,7,11.35,11.35,https://clanpesca.com/prodotto/molix-sculpo-dr-rattlin/
14843,molix,Molix Sculpo MR Rattlin,Crankbait,grouped,4,11.35,11.35,https://clanpesca.com/prodotto/molix-sculpo-mr-rattlin/
14850,molix,Molix Sculpo XD Rattlin,Crankbait,grouped,6,13.21,13.21,https://clanpesca.com/prodotto/molix-sculpo-xd-rattlin/
26467,molix,Molix SG Multi Pliers,Luccio,grouped,2,17.98,22.50,https://clanpesca.com/prodotto/molix-sg-multi-pliers/
15128,molix,Molix Shad 100,Soft Shad,grouped,4,9.40,9.40,https://clanpesca.com/prodotto/molix-shad-100/
15130,molix,Molix Shad 120,Shad,grouped,15,12.30,12.30,https://clanpesca.com/prodotto/molix-shad-120/
21163,molix,Molix Shad 140,Siluro,grouped,10,14.95,14.95,https://clanpesca.com/prodotto/molix-shad-140-gr-60-cm-14/
21318,molix,"Molix Shad 185 Gr 100 Cm 18,5",Siluro,grouped,3,16.10,16.10,https://clanpesca.com/prodotto/molix-shad-185-gr-100-cm-185/
31267,molix,Molix Sight Marker,Luccio,grouped,2,2.98,2.98,https://clanpesca.com/prodotto/molix-sight-marker/
27315,molix,Molix Skirmjan Predator Hunter Spinning 2 pezzi,Mare,grouped,2,152.00,179.00,https://clanpesca.com/prodotto/skirmjan-predator-hunter/
16097,molix,"Molix Sligo 5""",Spinning e Casting,grouped,1,6.60,6.60,https://clanpesca.com/prodotto/molix-sligo-5-2/
16114,molix,"Molix Sligone 5.5""",Spinning e Casting,grouped,1,7.80,7.80,https://clanpesca.com/prodotto/molix-sligone-5-5/
13914,molix,Molix Smart Shoulder Bag Col Black,Borse,simple,0,72.00,72.00,https://clanpesca.com/prodotto/molix-smart-shoulder-bag-col-black/
20476,molix,Molix Sneaky Frog 90 EVO,Spinning e Casting,grouped,5,13.21,13.21,https://clanpesca.com/prodotto/molix-sneaky-frog-90-evo/
25535,molix,Molix Sneaky Worm,Spinning e Casting,grouped,1,7.10,7.10,https://clanpesca.com/prodotto/molix-sneaky-worm/
20692,molix,Molix Soft Lipless Vib 55 14 Gr 5.5 Cm,Spinning e Casting,grouped,1,13.90,13.90,https://clanpesca.com/prodotto/molix-soft-lipless-vib-55-14-gr-5-5-cm/
20889,molix,Molix Spin Shad 110,Siluro,grouped,1,15.25,15.25,https://clanpesca.com/prodotto/molix-spin-shad-110/
20894,molix,Molix Spin Shad 160,Siluro,grouped,1,16.99,16.99,https://clanpesca.com/prodotto/molix-spin-shad-160/
26443,molix,Molix Spinnerbait Water Slash DW 1/2 Oz,Luccio,grouped,6,11.70,11.70,https://clanpesca.com/prodotto/molix-spinnerbait-water-slash-dw/
26463,molix,Molix Spinnerbait Water Slash DW 3/8 Oz,Spinning e Casting,grouped,6,11.70,11.70,https://clanpesca.com/prodotto/molix-spinnerbait-water-slash-dw-3-8-oz/
26915,molix,Molix Stick Flex 2.75  Cm 7,Spinning e Casting,grouped,8,7.15,7.15,https://clanpesca.com/prodotto/molix-stick-flex-2-75-cm-7/
26944,molix,Molix Stick Flex 4.5 Cm 11.40,Minuteria,grouped,12,6.79,6.79,https://clanpesca.com/prodotto/molix-stick-flex-4-5-cm-11-40/
20436,molix,Molix Supernato Beetle Cm 7.5 Gr 17,Spinning e Casting,grouped,1,15.98,15.98,https://clanpesca.com/prodotto/molix-supernato-beetle-cm-7-5-gr-17/
32481,molix,Molix Supernato Frog R,Spinning e Casting,grouped,8,15.20,15.20,https://clanpesca.com/prodotto/molix-supernato-frog-r/
14855,molix,Molix SV Craw,Creature & Craw,grouped,3,8.10,8.10,https://clanpesca.com/prodotto/molix-sv-craw/
14863,molix,Molix SV Craw Magnum,Creature & Craw,grouped,2,8.90,8.90,https://clanpesca.com/prodotto/molix-sv-craw-magnum/
14889,molix,"Molix SWD Swimming Dragonfly 5""",Creature & Craw,grouped,3,7.70,7.70,https://clanpesca.com/prodotto/molix-swd-swimming-dragonfly-5/
31299,molix,Molix Swimbait 190F,Luccio,grouped,8,35.98,35.98,https://clanpesca.com/prodotto/molix-swimbait-190f/
20158,molix,Molix Thasis Jig Gr 100,Mare,grouped,4,10.00,10.00,https://clanpesca.com/prodotto/molix-thasis-jig-gr-100/
20170,molix,Molix Thasis Jig Gr 25,Mare,grouped,3,10.00,10.00,https://clanpesca.com/prodotto/molix-thasis-jig-gr-25/
20164,molix,Molix Thasis Jig Gr 70,Mare,grouped,2,10.00,10.00,https://clanpesca.com/prodotto/molix-thasis-jig-gr-70/
14375,molix,Molix Top Water 95 BaitFish Series,Top Water Mare,grouped,4,15.25,15.25,https://clanpesca.com/prodotto/molix-top-water-95-baitfish-series/
14132,molix,Molix Trago 65 Spyblade,Lipless,grouped,8,17.10,17.10,https://clanpesca.com/prodotto/molix-trago-65-spyblade/
14747,molix,Molix Trago Spin Tail 1/4 Oz - Gr 7,Blade Bait,grouped,6,13.00,13.00,https://clanpesca.com/prodotto/molix-trago-spin-tail-1-4-oz-gr-7/
14814,molix,Molix Trago Spin Tail Willow 1/2 Oz - Gr 14,Blade Bait,grouped,1,13.00,13.00,https://clanpesca.com/prodotto/molix-trago-spin-tail-willow-1-2-oz-gr-14/
14733,molix,Molix Trago Vib 1/2 Oz - Gr 14,Blade Bait,grouped,6,12.95,12.95,https://clanpesca.com/prodotto/molix-trago-vib-1-2-oz-gr-14/
14727,molix,Molix Trago Vib 3/16 Oz - Gr 5.5,Lipless,grouped,8,11.60,11.60,https://clanpesca.com/prodotto/molix-trago-vib-3-16-oz-gr-5-5/
14736,molix,Molix Trago Vib 3/4 Oz - Gr 21,Blade Bait,grouped,5,13.00,13.00,https://clanpesca.com/prodotto/molix-trago-vib-3-4-oz-gr-21/
14741,molix,Molix Trago Vib 3/8 Oz - Gr 10.5,Blade Bait,grouped,6,12.50,16.75,https://clanpesca.com/prodotto/molix-trago-vib-3-8-oz-gr-10-5/
15450,molix,Molix Trout Area Nylon Premium Mt 100,Nylon,grouped,4,9.50,9.50,https://clanpesca.com/prodotto/molix-trout-area-premium-nylon-mt-100/
15459,molix,Molix Trout Area Premium Nylon Mt 150,Nylon,grouped,3,11.60,11.60,https://clanpesca.com/prodotto/molix-trout-area-premium-nylon-mt-150/
15444,molix,Molix Trout Area Shock Leader Fluorocarbon Mt 30,Nylon,grouped,3,6.28,6.28,https://clanpesca.com/prodotto/molix-trout-area-shock-leader-fluorocarbon-mt-30/
15177,molix,Molix Trout Spoon Gr 1.5,Spoon,grouped,1,6.98,6.98,https://clanpesca.com/prodotto/molix-trout-spoon-gr-1-5/
15181,molix,Molix Trout Spoon Gr 2.5,Spoon,grouped,1,6.98,6.98,https://clanpesca.com/prodotto/molix-trout-spoon-gr-2-5/
15189,molix,Molix Trout Spoon Gr 3.5,Spoon,grouped,1,7.35,7.35,https://clanpesca.com/prodotto/molix-trout-spoon-gr-3-5/
13919,molix,Molix Waterproof Elite,Borse,grouped,3,13.98,26.50,https://clanpesca.com/prodotto/molix-waterproof-elite/
14254,momoi,Momoi Soflex Fluorocarbo 100 MT,Fili Fluorocarbon,grouped,16,17.50,39.50,https://clanpesca.com/prodotto/momoi-soflex-fluorocarbo-100-mt/
13973,momoi,Momoi Trecciato Ryujin MT 130 Ultra Soft 8 Braided PE,Fili Trecciati,grouped,3,55.90,69.90,https://clanpesca.com/prodotto/momoi-trecciato-ryujin-mt-130-ultra-soft-8-braided-pe/
23149,mustad,Mustad  Infiltrator Blade Weight,Siluro,grouped,2,9.90,9.90,https://clanpesca.com/prodotto/mustad-infiltrator-blade-weight/
29478,mustad,"Mustad Aji Paddle Tail 2""",Mare,grouped,8,7.50,7.50,https://clanpesca.com/prodotto/mustad-aji-paddle-tail-2/
29497,mustad,"Mustad Aji Worm Curly Tail 2.5""",Mare,grouped,8,7.50,7.50,https://clanpesca.com/prodotto/mustad-aji-worm-curly-tail-2-5/
23131,mustad,Mustad Apex Wide Dropshot,Spinning e Casting,grouped,3,6.90,6.90,https://clanpesca.com/prodotto/mustad-apex-wide-dropshot/
23143,mustad,Mustad Assault Wide Gap,Siluro,grouped,7,6.90,6.90,https://clanpesca.com/prodotto/mustad-assault-wide-gap/
24241,mustad,Mustad Burpy Popper 65F Mm 65 Gr 6.30,Mare,grouped,3,9.90,9.90,https://clanpesca.com/prodotto/mustad-burpy-popper-65f-mm-65-gr-6-30/
23156,mustad,Mustad Infiltrator Swim,Siluro,grouped,5,7.90,7.90,https://clanpesca.com/prodotto/mustad-infiltrator-swim/
24121,mustad,Mustad Ink Vader Gr 150,Mare,grouped,3,19.00,19.00,https://clanpesca.com/prodotto/mustad-ink-vader-gr-150/
24125,mustad,Mustad Ink Vader Gr 200 Col Common,Mare,simple,0,21.00,21.00,https://clanpesca.com/prodotto/ink-vader-gr-200/
24131,mustad,Mustad Ink Vader Gr 260,Mare,grouped,3,22.00,22.00,https://clanpesca.com/prodotto/mustad-ink-vader-gr-260/
23167,mustad,Mustad Power 3 Way Swivel,Mare,grouped,3,6.90,6.90,https://clanpesca.com/prodotto/mustad-power-3-way-swivel/
24211,mustad,Mustad Rouse Vibe 50S Mm 50 Gr 7.6,Spinning e Casting,grouped,2,9.90,9.90,https://clanpesca.com/prodotto/mustad-rouse-vibe-50s-mm-50-gr-7-6/
24180,mustad,Mustad Scatter Pen 70S Mm 70 Gr 10.6,Mare,grouped,7,9.90,9.90,https://clanpesca.com/prodotto/mustad-scatter-pen-70s/
24283,mustad,Mustad Scurry Minnow 55S Mm 55 Gr 5,Mare,grouped,9,9.90,9.90,https://clanpesca.com/prodotto/mustad-scurry-minnow-55s-mm-55-gr-5/
23162,mustad,Mustad Tak Offset Worm,Siluro,grouped,4,6.90,6.90,https://clanpesca.com/prodotto/mustad-tak-offset-worm/
16466,neostyle,Neostyle Spoon Alis Gr 1,Spinning e Casting,grouped,11,8.90,8.90,https://clanpesca.com/prodotto/neostyle-spoon-alis-gr-1/
16482,neostyle,Neostyle Spoon Alis Gr 1.5,Spinning e Casting,grouped,5,8.90,8.90,https://clanpesca.com/prodotto/neostyle-spoon-alis-gr-1-5/
16535,neostyle,Neostyle Spoon Kotatsu Gr 0.9,Spinning e Casting,grouped,16,9.49,9.49,https://clanpesca.com/prodotto/neostyle-spoon-kotatsu-gr-0-9/
16550,neostyle,Neostyle Spoon Kotatsu Gr 1.4,Spinning e Casting,grouped,7,9.49,9.49,https://clanpesca.com/prodotto/neostyle-spoon-kotatsu-gr-1-4/
30903,nories,"Nories Clionex 2""",Spinning e Casting,grouped,11,10.50,10.50,https://clanpesca.com/prodotto/nories-clionex-2/
30986,nories,Nories Deeper Range 1/2 Oz,Spinning e Casting,grouped,6,16.90,16.90,https://clanpesca.com/prodotto/nories-deeper-range-1-2-oz/
30926,nories,"Nories Flip Kogill 3.6""",Spinning e Casting,grouped,4,11.90,11.90,https://clanpesca.com/prodotto/nories-flip-kogill-3-6/
31003,nories,"Nories Front Flapper Curly 4""",Spinning e Casting,grouped,6,12.50,12.50,https://clanpesca.com/prodotto/nories-front-flapper-curly-4/
30859,nories,Nories Joint Fukabait 127 mm 44 Gr,Luccio,grouped,8,39.90,39.90,https://clanpesca.com/prodotto/nories-joint-fukabait-127-mm-44-gr/
31029,nories,"Nories Lady Fish 3-1/2""",Spinning e Casting,grouped,5,9.50,9.50,https://clanpesca.com/prodotto/nories-lady-fish-3-1-2/
30917,nories,Nories Latterie 5-1/4,Spinning e Casting,grouped,6,9.00,9.00,https://clanpesca.com/prodotto/nories-latterie-5-1-4/
30943,nories,Nories Laydown Minnow 110JP,Spinning e Casting,grouped,7,22.90,22.90,https://clanpesca.com/prodotto/nories-laydown-minnow-110jp/
29198,nories,Nories Masukurouto LD 2.9,Trout Area,grouped,19,5.99,6.99,https://clanpesca.com/prodotto/spoon-nories-masukurouto-ld-2-9/
29238,nories,Nories Masukurouto LD 3.7,Trout Area,grouped,18,5.99,6.99,https://clanpesca.com/prodotto/spoon-nories-masukurouto-ld-3-7/
30940,nories,Nories Oyster Minnow 92,Mare,grouped,5,19.90,19.90,https://clanpesca.com/prodotto/nories-oyster-minnow-92/
29256,nories,Nories Rooney 1.8,Trout Area,grouped,8,5.99,5.99,https://clanpesca.com/prodotto/nories-rooney-1-8/
29283,nories,Nories Rooney 2.2,Trout Area,grouped,11,5.99,6.99,https://clanpesca.com/prodotto/nories-rooney-2-2/
29321,nories,Nories Rooney 2.8,Trout Area,grouped,15,5.99,6.99,https://clanpesca.com/prodotto/nories-rooney-2-8-2/
31016,nories,"Nories Sankaku T-San 5""",Spinning e Casting,grouped,6,9.00,9.00,https://clanpesca.com/prodotto/nories-sankaku-t-san-5/
29364,nories,Nories Sofia Gr 1.6,Trout Area,grouped,19,5.99,6.99,https://clanpesca.com/prodotto/nories-sofia-gr-1-6/
29390,nories,Nories Spoon Tulle Gr 3.0,Trout Area,grouped,10,6.99,6.99,https://clanpesca.com/prodotto/nories-spoon-tulle-gr-3-0/
29408,nories,Nories Spoon Tulle Gr 3.5,Trout Area,grouped,8,6.99,6.99,https://clanpesca.com/prodotto/nories-spoon-tulle-gr-3-5/
30972,nories,Nories Tadamaki 112 Gr 18.0 Mm 112,Mare,grouped,5,22.90,22.90,https://clanpesca.com/prodotto/nories-tadamaki-112-gr-18-0-mm-112/
32506,nories,"Nories Tanny Frog 2""",Spinning e Casting,grouped,6,12.50,12.50,https://clanpesca.com/prodotto/nories-tanny-frog-2/
32521,nories,Nories Tanny Frog Popper,Spinning e Casting,grouped,6,12.50,12.50,https://clanpesca.com/prodotto/nories-tanny-frog-popper/
33265,nories,Rubber Jig Nories TAC Jig 3/8 oz Made in Japan,Spinning e Casting,grouped,5,10.99,10.99,https://clanpesca.com/prodotto/rubber-jig-nories-tac-jig-3-8-oz-made-in-japan/
33224,nories,Rubber Jig Nories TAC Made in Japan 1/4 Oz,Spinning e Casting,grouped,5,10.99,10.99,https://clanpesca.com/prodotto/rubber-jig-nories-tac-made-in-japan-1-4-oz/
27179,okuma,Mulinello Okuma Alaris,Spinning e Casting,grouped,2,39.00,49.00,https://clanpesca.com/prodotto/mulinello-okuma-alaris/
13370,okuma,Mulinello Okuma Tesoro High Speed Slow Jigging 5Lb,Mare,simple,0,300.00,300.00,https://clanpesca.com/prodotto/okuma-tesoro-high-speed-slow-jigging-5lb/
13657,okuma,"Okuma Canna Vertical Viper Mt 2,00 Gr 50/200",Canne Vertical Siluro,simple,0,83.90,83.90,https://clanpesca.com/prodotto/okuma-canna-vertical-viper-mt-200-gr-50-200/
13997,okuma,Okuma Occhiali Polarizzati Lente Verde a Specchio,Occhiali,simple,0,39.50,39.50,https://clanpesca.com/prodotto/okuma-occhiali-polarizzati-lente-verde-a-specchio/
15169,omtd,OMTD Big Football Power Jig Head OJ2000,Jig Head,grouped,6,6.59,6.59,https://clanpesca.com/prodotto/omtd-big-football-power-jig-head-oj2000/
15149,omtd,OMTD Big Jig Head OJ1200,Jig Head,grouped,9,8.98,9.98,https://clanpesca.com/prodotto/omtd-big-jig-head-oj1200/
13291,omtd,Omtd Big Swimbait Bladed Hook,Ami da Gomma,grouped,6,9.00,9.00,https://clanpesca.com/prodotto/omtd-big-swimbait-bladed-hook/
13305,omtd,Omtd Big Swimbait Hook,Ami da Gomma,grouped,7,6.30,6.30,https://clanpesca.com/prodotto/omtd-big-swimbait-hook/
13320,omtd,OMTD Big Swimbait Hook Weigthed,Ami da Gomma,grouped,10,8.10,8.10,https://clanpesca.com/prodotto/omtd-big-swimbait-hook-weigthed/
13119,omtd,OMTD Classic Wide Gap OH1900,Ami da Gomma,grouped,8,5.60,5.60,https://clanpesca.com/prodotto/omtd-classic-wide-gap-oh1900/
13051,omtd,OMTD Drop Shot OH1200,Ami da Dropshot,grouped,4,5.18,5.18,https://clanpesca.com/prodotto/omtd-drop-shot-oh1200/
13325,omtd,OMTD Drop Shot Special OH2600,Ami da Dropshot,grouped,4,6.10,6.10,https://clanpesca.com/prodotto/omtd-drop-shot-special-oh2600/
13341,omtd,OMTD Elite Evo Area Hook Barbless Light OH3200L,Ami,grouped,3,4.99,4.99,https://clanpesca.com/prodotto/omtd-elite-evo-area-hook-barbless-light-oh3200l/
13337,omtd,OMTD Elite Evo Area Hook Barbless OH3200,Ami,grouped,3,4.99,4.99,https://clanpesca.com/prodotto/omtd-elite-evo-area-hook-barbless-oh3200/
13065,omtd,OMTD Fat Worm SWG OH1400,Ami da Gomma,grouped,6,5.60,5.60,https://clanpesca.com/prodotto/omtd-fat-worm-swg-oh1400/
13058,omtd,OMTD Flippin' Worm OH1300,Ami da Flippin' e Punching,grouped,6,5.60,5.60,https://clanpesca.com/prodotto/omtd-flippin-worm-oh1300/
13128,omtd,OMTD Heavy Straight SW OH2000,Ami Assist,grouped,8,8.50,8.50,https://clanpesca.com/prodotto/omtd-heavy-straight-sw-oh2000/
13727,omtd,OMTD Ned Rig Jig Head OJ1900,Jig Head,grouped,6,7.20,7.20,https://clanpesca.com/prodotto/omtd-ned-rig-jig-head-oj1900/
13046,omtd,OMTD Offset Worm OH1100,Ami da Gomma,grouped,5,4.99,4.99,https://clanpesca.com/prodotto/omtd-offset-worm-oh1100/
13082,omtd,OMTD Offset Worm Profile Mini OH1600M,Ami da Gomma,grouped,3,5.65,5.65,https://clanpesca.com/prodotto/omtd-offset-worm-profile-mini-oh1600m/
13078,omtd,OMTD Offset Worm Profile OH1600,Ami da Gomma,grouped,5,6.10,6.10,https://clanpesca.com/prodotto/omtd-offset-worm-profile-oh1600/
13040,omtd,OMTD OH1000,Ami da Gomma,grouped,6,5.60,5.60,https://clanpesca.com/prodotto/omtd-oh1000/
13345,omtd,OMTD Punching Hook OH3300,Ami da Flippin' e Punching,grouped,3,6.78,6.78,https://clanpesca.com/prodotto/omtd-punching-hook-oh3300/
15158,omtd,OMTD Round Jig Head Double Eyelet OJ1500,Jig Head,grouped,8,7.98,7.98,https://clanpesca.com/prodotto/omtd-round-jig-head-double-eyelet-oj1500/
13106,omtd,OMTD Single Lure Hook OH1700,Ami,grouped,7,6.50,6.50,https://clanpesca.com/prodotto/omtd-single-lure-hook-oh1700/
13346,omtd,OMTD Special Cover Single Hook OH3600,Ami da Wacky,grouped,5,7.50,7.50,https://clanpesca.com/prodotto/omtd-special-cover-single-hook-oh3600/
13137,omtd,OMTD Strong Single OH2100,Ami Assist,grouped,8,8.50,8.50,https://clanpesca.com/prodotto/omtd-strong-single-oh2100/
13333,omtd,OMTD Swimbait Hook OH2700,Ami da Gomma,grouped,7,5.35,5.35,https://clanpesca.com/prodotto/omtd-swimbait-hook-oh2700/
13072,omtd,OMTD Swimbait Weighted OH1500,Ami da Gomma,grouped,6,8.55,8.98,https://clanpesca.com/prodotto/omtd-swimbait-weighted-oh1500/
15162,omtd,OMTD Swimming WT OJ1800,Jig Head,grouped,3,7.50,7.50,https://clanpesca.com/prodotto/omtd-swimming-wt-oj1800/
13367,omtd,OMTD T Power Finesse OJ200,Jig Head,grouped,12,7.99,7.99,https://clanpesca.com/prodotto/omtd-t-power-finesse-oj200/
13366,omtd,OMTD T Trout OJ700,Spinning e Casting,grouped,2,6.90,6.90,https://clanpesca.com/prodotto/omtd-t-trout-oj700/
13110,omtd,OMTD Trailer Hook OH1800,Ami Assist,grouped,3,6.50,6.50,https://clanpesca.com/prodotto/omtd-trailer-hook-oh1800/
27367,outof,Occhiali da Sole OutOf  Swordfish fishing,Abbigliamento,grouped,3,139.00,139.00,https://clanpesca.com/prodotto/outof-swordfish-fishing/
27351,outof,Occhiali da Sole OutOf Piuma Fishing,Abbigliamento,grouped,3,189.00,189.00,https://clanpesca.com/prodotto/occhiali-da-sole-outof-piuma-fishing/
25346,owner,Amo Owner OW53263 C-3 Carp Tsuyoshi,Tecniche Varie,grouped,5,3.50,3.50,https://clanpesca.com/prodotto/amo-owner-ow53263-c-3-carp-tsuyoshi/
25352,owner,Amo Owner OW53264 C-4 Carp AYA,Tecniche Varie,grouped,4,3.50,3.50,https://clanpesca.com/prodotto/ow53264-c-4-carp-aya/
25366,owner,Amo Owner OW53265 C-5 ISAEMA w/EYE,Tecniche Varie,grouped,8,4.00,4.00,https://clanpesca.com/prodotto/amo-owner-ow53265-c-5-isaema-w-eye/
25323,owner,Amo Owner OW56964 CF-1 Conf. da 3 pz,Mare,grouped,3,8.00,10.50,https://clanpesca.com/prodotto/amo-owner-ow56964-cf-1/
25331,owner,Amo Owner OW56966 CF-3,Mare,grouped,2,8.00,8.00,https://clanpesca.com/prodotto/amo-owner-ow56966-cf-3/
13623,owner,Ancoretta Owner CF 66,Ancorette,grouped,5,14.60,24.90,https://clanpesca.com/prodotto/owner-ancorette-catfish-cf-66-56967/
14439,owner,Owner 50015 AJI-B,Ami,grouped,8,3.50,3.50,https://clanpesca.com/prodotto/owner-50015-aji-b/
14462,owner,Owner 50045 Iseama,Ami,grouped,5,2.60,2.60,https://clanpesca.com/prodotto/owner-50045-iseama/
14473,owner,Owner 50081 So Chinu,Ami,grouped,5,3.50,3.50,https://clanpesca.com/prodotto/owner-50081-so-chinu/
14481,owner,Owner 50175 Keyru,Ami,grouped,5,2.70,2.70,https://clanpesca.com/prodotto/owner-50175-keyru/
14492,owner,Owner 50238 Shin Kanto,Ami senza Ardiglione,grouped,8,2.70,2.70,https://clanpesca.com/prodotto/owner-50238-shin-kanto/
14497,owner,Owner 50281 Sode Light,Ami,grouped,4,3.50,3.50,https://clanpesca.com/prodotto/owner-50281-sode-light/
16130,owner,Owner 50282 Sode,Mare,grouped,2,3.50,3.50,https://clanpesca.com/prodotto/owner-50282-sode/
14511,owner,Owner 50286 Sode Red,Ami,grouped,9,3.50,3.50,https://clanpesca.com/prodotto/owner-50286-sode-red/
14518,owner,Owner 50339 Cut Chinu Black,Ami,grouped,6,3.50,3.50,https://clanpesca.com/prodotto/owner-50339-cut-chinu-black/
14523,owner,Owner 50363 Chica Red,Ami,grouped,4,3.50,3.50,https://clanpesca.com/prodotto/owner-50363-chica-red/
14530,owner,Owner 50367 Cut Chinu Crome,Ami,grouped,6,3.50,3.50,https://clanpesca.com/prodotto/owner-50367-cut-chinu-crome/
14538,owner,Owner 50566 OC Big Surf,Ami,grouped,7,3.50,3.50,https://clanpesca.com/prodotto/owner-50566-oc-big-surf/
14545,owner,Owner 50922 Pin Hook,Ami,grouped,6,3.50,3.50,https://clanpesca.com/prodotto/owner-50922-pin-hook/
14552,owner,Owner 5111 SSW,Ami,grouped,6,4.70,4.70,https://clanpesca.com/prodotto/owner-5111-ssw/
14557,owner,Owner 5121 Welded Quick Snap,Girelle & Moschettoni,grouped,4,7.50,7.50,https://clanpesca.com/prodotto/owner-5121-welded-quick-snap/
14560,owner,Owner 5122 Jig Rig W-Lead Sinker,Jig Head,grouped,2,5.89,5.89,https://clanpesca.com/prodotto/owner-5122-jig-rig-w-lead-sinker/
14565,owner,Owner 5123 Ebi Baitholder,Ami,grouped,4,5.89,5.89,https://clanpesca.com/prodotto/owner-5123-ebi-baitholder/
14573,owner,Owner 5140 J-Hook,Ami da Gomma,grouped,6,5.89,5.89,https://clanpesca.com/prodotto/owner-5140-j-hook/
14585,owner,Owner 51481 Super Chinu,Ami,grouped,7,3.90,3.90,https://clanpesca.com/prodotto/owner-51481-super-chinu/
14590,owner,Owner 5149 Jig Head Finesse Type,Jig Head,grouped,4,6.89,6.89,https://clanpesca.com/prodotto/owner-5149-jig-head-finesse-type/
14595,owner,Owner 5151 Jig Head Shaky Type Twist Loock,Jig Head,grouped,4,7.89,7.89,https://clanpesca.com/prodotto/owner-5151-jig-head-shaky-type-twist-loock/
14600,owner,Owner 5155 Lead Sinker,Piombi,grouped,4,3.95,3.95,https://clanpesca.com/prodotto/owner-5155-lead-sinker/
14606,owner,Owner 5163 Mutu Circle Hook,Ami,grouped,5,6.50,6.50,https://clanpesca.com/prodotto/owner-5163-mutu-circle-hook/
14610,owner,Owner 5167W Weighted Twistlock Light Hook,Ami da Gomma,grouped,3,5.49,5.49,https://clanpesca.com/prodotto/owner-5167w-weighted-twistlock-light-hook/
14623,owner,Owner 5170 Aki Hook,Ami,grouped,4,5.49,5.49,https://clanpesca.com/prodotto/owner-5170-aki-hook/
14628,owner,Owner 5172 Weedles Wacky,Ami da Wacky,grouped,3,5.49,5.49,https://clanpesca.com/prodotto/owner-5172-weedles-wacky/
14633,owner,Owner 51725 SBL-47,Ami senza Ardiglione,grouped,4,2.95,2.95,https://clanpesca.com/prodotto/owner-51725-sbl-47/
14638,owner,Owner 51781 S-125 Pluggins Single,Ami,grouped,4,8.50,8.50,https://clanpesca.com/prodotto/owner-51781-s-125-pluggins-single/
14645,owner,Owner 5180 Straight Eye,Ami,grouped,6,4.99,4.99,https://clanpesca.com/prodotto/owner-5180-straight-eye/
14660,owner,Owner 52804 Split Ring Fine Wire,Moschettoni & Split,grouped,6,4.99,4.99,https://clanpesca.com/prodotto/owner-split-ring-fine-wire-52804/
14664,owner,Owner 5290 Armatura Stinger Harness,Armature,grouped,2,6.99,6.99,https://clanpesca.com/prodotto/owner-5290-stinger-harness/
14675,owner,Owner 53117 Pint Hook,Ami,grouped,6,3.50,3.50,https://clanpesca.com/prodotto/owner-53117-pint-hook/
14684,owner,Owner 56741 Picket Hook,Ami senza Ardiglione,grouped,5,3.50,3.50,https://clanpesca.com/prodotto/owner-56741-picket-hook/
14429,owner,Owner Akemi Chinu 50010,Ami,grouped,6,3.90,3.90,https://clanpesca.com/prodotto/owner-akemi-chinu-50010/
14418,owner,Owner Akuro Structure Jig 4147,Jig,grouped,2,6.50,6.50,https://clanpesca.com/prodotto/owner-akuro-structure-jig-4147/
14326,owner,Owner Ami legati 50560 Cm 100,Ami legati,grouped,4,5.50,5.50,https://clanpesca.com/prodotto/owner-ami-legati-50560-cm-100/
15139,owner,Owner Ancoretta ST-11 UL,Armature,grouped,3,8.95,8.95,https://clanpesca.com/prodotto/owner-ancoretta-st-11/
13611,owner,Owner Ancorette ST 36 BC 5636,Ancorette,grouped,4,13.95,13.95,https://clanpesca.com/prodotto/owner-ancorette-st-36-bc-5636/
13619,owner,Owner Ancorette ST 41 BC 5641,Ancorette,grouped,7,14.90,14.90,https://clanpesca.com/prodotto/owner-ancorette-st-41-bc-5641/
14414,owner,Owner Flash Swing Blade 4141,Ami,grouped,2,11.90,11.90,https://clanpesca.com/prodotto/owner-flash-swing-blade-4141/
14382,owner,Owner Flashy Swimmer 5164,Ami da Gomma,grouped,4,9.90,11.90,https://clanpesca.com/prodotto/owner-flashy-swimmer-5164/
14388,owner,Owner Flippin' Hook Straight Worm 5100,Ami da Flippin' e Punching,grouped,4,4.50,4.50,https://clanpesca.com/prodotto/flippin-hook-owner-straight-worm-5100/
14695,owner,Owner Hook Keeper 81064,Accessori,grouped,2,6.99,6.99,https://clanpesca.com/prodotto/owner-hook-keeper-81064/
14399,owner,Owner Jig Head 11771 JH-14,Jig Head,grouped,3,5.95,5.95,https://clanpesca.com/prodotto/owner-jig-head-11771-jh-14/
14403,owner,Owner Jungle Flipping Hook 4100,Ami da Flippin' e Punching,grouped,3,8.99,8.99,https://clanpesca.com/prodotto/owner-jungle-flipping-hook-4100/
13630,owner,Owner Moschettone All Purpose Snap 4183,Girelle & Moschettoni,grouped,6,4.50,4.50,https://clanpesca.com/prodotto/owner-moschettone-all-purpose-snap-4183/
14411,owner,Owner Mosquito Light 4105,Ami,grouped,7,3.90,3.90,https://clanpesca.com/prodotto/owner-mosquito-light-4105/
29104,owner,Owner Penny Hook 50921,Mare,grouped,5,3.50,3.50,https://clanpesca.com/prodotto/owner-penny-hook-50921/
14364,owner,Owner Rig'n Hooks 5137,Ami Wide Gap,grouped,8,5.90,5.90,https://clanpesca.com/prodotto/owner-rign-hooks-5137/
13601,owner,Owner Split Ring Hyper Wire 5196,Girelle & Moschettoni,grouped,9,6.90,6.90,https://clanpesca.com/prodotto/owner-split-ring-hyper-wire-5196/
25461,owner,OWNER Testina OW11606,Mare,grouped,5,6.90,6.90,https://clanpesca.com/prodotto/owner-testina-ow11606/
25437,owner,OWNER Testine Piombate OW11566 JH-82,Mare,grouped,3,7.95,7.95,https://clanpesca.com/prodotto/owner-testine-piombate-ow11566-jh-82/
14395,owner,Owner Wide Gap Plus 5139,Ami Wide Gap,grouped,5,7.90,7.90,https://clanpesca.com/prodotto/owner-wide-gap-plus-5139/
14206,panther-martin,Panther Martin Ardito Spoon Gr 3,Trout Area,grouped,7,6.69,6.69,https://clanpesca.com/prodotto/panther-martin-ardito-spoon/
16930,panther-martin,Panther Martin Holographic Single Hook,Spinning e Casting,grouped,8,4.99,4.99,https://clanpesca.com/prodotto/panther-martin-holographic-single-hook/
16970,panther-martin,Panther Martin Holy Roe,Spinning e Casting,grouped,3,5.49,5.49,https://clanpesca.com/prodotto/panther-martin-holy-roe/
16957,panther-martin,Panther Martin Hula Runner,Spinning e Casting,grouped,6,13.99,13.99,https://clanpesca.com/prodotto/panther-martin-hula-runner/
16885,panther-martin,Panther Martin Marmorata,Spinning e Casting,grouped,4,5.50,7.40,https://clanpesca.com/prodotto/panther-martin-marmorata/
16857,panther-martin,Panther Martin Vespa Originale,Spinning e Casting,grouped,18,3.79,4.50,https://clanpesca.com/prodotto/panther-martin-vespa-originale-gr-12/
16983,panther-martin,Panther Martin Willow Strike Holografici,Spinning e Casting,grouped,9,4.99,5.49,https://clanpesca.com/prodotto/panther-martin-willow-strike-holografici/
13872,rapture,Rapture Get On Lure Case Bag,Borse,simple,0,5.00,5.00,https://clanpesca.com/prodotto/rapture-get-on-lure-case-bag/
13671,rapture,Rapture Get On Plier Holder Porta Pinze,Pinze & Forbici,simple,0,5.00,5.00,https://clanpesca.com/prodotto/rapture-get-on-plier-holder-porta-pinze/
27716,reins,Reins Aji Adder Swimming Jighead amo # 4,Mare,grouped,4,4.95,4.95,https://clanpesca.com/prodotto/reins-aji-adder-swimming-jighead/
27734,reins,Reins Aji Adder Swimming Jighead amo # 6,Mare,grouped,4,4.95,4.95,https://clanpesca.com/prodotto/reins-aji-adder-swimming-jighead-amo-6/
26078,reins,Reins Bubbling Shaker 4”,Mare,grouped,7,7.50,7.50,https://clanpesca.com/prodotto/reins-bubbling-shaker-4/
26122,reins,Reins Fat Rockvibe Shad 4”,Spinning e Casting,grouped,8,8.00,8.00,https://clanpesca.com/prodotto/reins-fat-rockvibe-shad-4/
26141,reins,Reins Fat Rockvibe Shad 6.5”,Luccio,grouped,9,9.90,9.90,https://clanpesca.com/prodotto/reins-fat-rockvibe-shad-6-5/
26008,reins,Reins Fin's Stinger 3”,Mare,grouped,8,6.90,6.90,https://clanpesca.com/prodotto/reins-fins-stinger/
26059,reins,Reins G-Tail Saturn 2.5”,Mare,grouped,11,6.90,6.90,https://clanpesca.com/prodotto/reins-g-tail-saturn-2-5/
26005,reins,Reins Rockvibe Shad 2.3,Mare,grouped,9,6.90,6.90,https://clanpesca.com/prodotto/reins-rockvibe-shad-2-3/
26088,reins,"Reins S-Cape Shad 3.5""",Mare,grouped,4,8.50,8.50,https://clanpesca.com/prodotto/reins-s-cape-shad-3-5/
26100,reins,Reins S-Cape Shad 4.8,Luccio,grouped,4,8.50,8.50,https://clanpesca.com/prodotto/reins-s-cape-shad-4-8/
29663,righetti-bait-system,Righetti Camola Cm 2.5,Spinning e Casting,grouped,10,8.99,8.99,https://clanpesca.com/prodotto/righetti-camola-cm-2-5/
29625,righetti-bait-system,Righetti Kaimano Cm 5,Spinning e Casting,grouped,9,5.95,5.95,https://clanpesca.com/prodotto/righetti-kaimano-cm-5/
29604,righetti-bait-system,"Righetti Shad V Tail 2.36""",Mare,grouped,27,5.95,5.95,https://clanpesca.com/prodotto/righetti-shad-v-tail-2-36/
29523,righetti-bait-system,Righetti Stickworm Cm 8.5,Spinning e Casting,grouped,11,6.95,6.95,https://clanpesca.com/prodotto/righetti-stickworm-cm-8-5/
21563,ryobi,Mulinello Ryobi Lagos,Mare,grouped,3,149.90,155.00,https://clanpesca.com/prodotto/mulinello-ryobi-lagos/
17256,ryobi,Tubertini Mulinello Artis,Mare,grouped,4,86.00,95.00,https://clanpesca.com/prodotto/tubertini-mulinello-artis/
17239,ryobi,Tubertini Mulinello Chrome,Mare,grouped,4,105.00,115.00,https://clanpesca.com/prodotto/tubertini-mulinello-chrome/
17247,ryobi,Tubertini Mulinello Dark,Mare,grouped,5,119.00,119.00,https://clanpesca.com/prodotto/tubertini-mulinello-dark/
28639,ryobi,Tubertini Mulinello Drex TX,Mulinelli,grouped,6,71.00,95.00,https://clanpesca.com/prodotto/tubertini-mulinello-drex-tx-8000-2/
14269,ryobi,Tubertini Smash 6+1 BB,Frizione anteriore,grouped,5,95.00,110.00,https://clanpesca.com/prodotto/tubertini-smash-61-bb/
23737,sabba-lures,"Sabba Lures SL Shad 8"" Gr 85",Luccio,grouped,7,19.00,19.00,https://clanpesca.com/prodotto/sl-shad-8-gr-85/
21585,seika,Canna Seika Kizuri Pro,Spinning e Casting,grouped,2,165.00,175.00,https://clanpesca.com/prodotto/canna-seika-kizuri-pro/
21609,seika,Canna Seika Utopia,Spinning e Casting,grouped,4,165.00,185.00,https://clanpesca.com/prodotto/canna-seika-utopia/
23658,seika,Seika Cutter Pro,Mare,simple,0,16.90,16.90,https://clanpesca.com/prodotto/seika-cutter-pro/
25407,seika,Seika Drop Shot Round Sinker,Spinning e Casting,grouped,4,3.95,3.95,https://clanpesca.com/prodotto/seika-drop-shot-round-sinker/
16624,seika,Seika Hibrix 150,Spinning e Casting,grouped,5,10.90,10.90,https://clanpesca.com/prodotto/seika-hibrix-150-2/
23644,seika,Seika Mini Split Plier,Mare,simple,0,8.90,8.90,https://clanpesca.com/prodotto/seika-mini-split-plier/
14272,seika,Seika Minnow Samu 45,Minnow,grouped,1,9.90,9.90,https://clanpesca.com/prodotto/seika-minnow-samu-45/
25076,seika,Seika Predator Bag,Luccio,grouped,2,74.70,80.00,https://clanpesca.com/prodotto/seika-predator-bag/
13736,seika,Seika SK Cheburashka Sinker,Piombi,grouped,8,3.90,3.90,https://clanpesca.com/prodotto/seika-sk-cheburashka-sinker/
25399,seika,Seika SK-Bullet,Spinning e Casting,grouped,4,8.90,12.90,https://clanpesca.com/prodotto/seika-sk-bullet/
16611,seika,Seika Speedex 110,Spinning e Casting,grouped,6,11.90,11.90,https://clanpesca.com/prodotto/seika-speedex-110/
16604,seika,Seika Speedex 90,Spinning e Casting,grouped,6,11.30,11.30,https://clanpesca.com/prodotto/seika-speedex-90-2/
21664,seika,Seika Tungsten Insert,Spinning e Casting,grouped,6,6.90,6.90,https://clanpesca.com/prodotto/seika-tungsten-insert-2/
23646,seika,Seika Yo Yo Holder,Mare,simple,0,11.90,11.90,https://clanpesca.com/prodotto/seika-yo-yo-holder/
28618,seika,Tubertini Seika Mimik,Spinning e Casting,grouped,3,65.00,75.00,https://clanpesca.com/prodotto/tubertini-seika-mimik/
33490,select,"Select Boozer SE 7""",Luccio,grouped,6,6.95,6.95,https://clanpesca.com/prodotto/select-boozer-se-7/
32024,select,"Select Easyfat 7""",Luccio,grouped,7,5.90,5.90,https://clanpesca.com/prodotto/select-easyfat-7/
31996,select,Select Freek 9″,Luccio,grouped,5,5.90,5.90,https://clanpesca.com/prodotto/select-freek-9%e2%80%b3/
13389,sergio-guerra,Sergio Guerra Bombarda Affondante,Bombarde,grouped,6,3.70,3.70,https://clanpesca.com/prodotto/sergio-guerra-bombarda-affondante/
13382,sergio-guerra,Sergio Guerra Bombarda Semi Affondante,Bombarde,grouped,5,3.70,3.70,https://clanpesca.com/prodotto/sergio-guerra-bombarda-semi-affondante/
13390,sergio-guerra,Sergio Guerra Bombarda Superficie,Bombarde,grouped,4,3.70,3.70,https://clanpesca.com/prodotto/sergio-guerra-bombarda-superficie/
27900,sico-lure,Seaco Blenny Shad 95mm 18gr,Mare,grouped,5,10.10,10.10,https://clanpesca.com/prodotto/seaco-blenny-shad-95mm-18gr/
23610,sico-lure,Seaco Noisy Jig 10,Mare,grouped,5,9.90,9.90,https://clanpesca.com/prodotto/seaco-noisy-jig-10/
23616,sico-lure,Seaco Noisy Jig 20,Mare,grouped,5,9.90,9.90,https://clanpesca.com/prodotto/seaco-noisy-jig-20/
23626,sico-lure,Seaco Noisy Jig 30,Mare,grouped,5,9.90,9.90,https://clanpesca.com/prodotto/seaco-noisy-jig-30-2/
23686,sico-lure,Sico Maestro 117 Rattlin,Mare,grouped,6,24.90,24.90,https://clanpesca.com/prodotto/sico-maestro-117-rattlin/
23679,sico-lure,Sico Maestro 117 Silent,Mare,grouped,6,24.90,24.90,https://clanpesca.com/prodotto/sico-maestro-117-silent/
21550,smith,"Smith D-Incíte Cm 6,4",Spinning e Casting,grouped,2,23.00,23.00,https://clanpesca.com/prodotto/smith-d-incite-cm-64/
30798,smith,Smith KOZ Expedition Magnum Husky,Luccio,grouped,4,559.00,595.00,https://clanpesca.com/prodotto/smith-koz-expedition-magnum-husky/
27380,sportex,Fodero EVA Yellow Sportex,Luccio,grouped,2,38.70,43.90,https://clanpesca.com/prodotto/eva-yellow-sportex/
22309,stonfo,Stonfo Salva Anelli,Mare,grouped,3,4.30,4.80,https://clanpesca.com/prodotto/stonfo-salva-anelli/
14989,stonfo,Stonfo Slamatore Slamo,Accesori Vari,grouped,3,2.50,2.90,https://clanpesca.com/prodotto/stonfo-slamatore-slamo/
13021,strike-pro,Strike Pro Baby Buster Jerk Gr 25 Sinking,Jerkbait,grouped,3,15.50,15.50,https://clanpesca.com/prodotto/strike-pro-baby-buster-jerk-gr-25-sinking/
13029,strike-pro,Strike Pro Bandit Tail Cm 15 Gr 83.5,Siluro,grouped,3,26.50,26.50,https://clanpesca.com/prodotto/strike-pro-bandit-tail-cm-15-gr-83-5/
13033,strike-pro,Strike Pro Big Bandit Crank Cm 20,Siluro,grouped,3,25.00,25.00,https://clanpesca.com/prodotto/strike-pro-bandit-crank/
20873,strike-pro,Strike Pro Buster Jerk Deep Crank Suspending EG 049 SL,Siluro,grouped,3,23.50,23.50,https://clanpesca.com/prodotto/strike-pro-buster-jerk-deep-crank-gr-34-6-cm-12-suspending-eg-049-sl/
21389,strike-pro,"Strike Pro Crankee Bass Gr 12,4 Cm 8",Spinning e Casting,grouped,4,5.00,5.00,https://clanpesca.com/prodotto/strike-pro-crankee-bass-gr-124-cm-8/
21368,strike-pro,"Strike Pro Crankee Bass Jointed Gr 12,50 Cm 8",Spinning e Casting,grouped,2,5.00,5.00,https://clanpesca.com/prodotto/strike-pro-crankee-bass-jointed-gr-1250-cm-8-2/
21333,strike-pro,Strike Pro Crankee Gr 10 Cm 6,Spinning e Casting,grouped,5,5.00,5.00,https://clanpesca.com/prodotto/strike-pro-crankee-gr-10-cm-6/
13777,strike-pro,Strike Pro Flat Bottom Pencil Gr 76 Cm 20.6,Top Water Hard Siluro,grouped,3,22.60,22.60,https://clanpesca.com/prodotto/strike-pro-flat-bottom-pencil-gr-76-cm-20-6/
21258,strike-pro,Strike Pro Jer O Crank Gr 12 Cm 6,Spinning e Casting,grouped,1,5.00,5.00,https://clanpesca.com/prodotto/strike-pro-jer-o-crank-gr-12-cm-6/
13992,strike-pro,Strike Pro Occhiali Polarizzati Grigio Fumo,Occhiali,simple,0,75.00,75.00,https://clanpesca.com/prodotto/strike-pro-occhiali-polarizzati-grigio-fumo/
15012,strike-pro,Strike Pro Pig Shad Jr SP172D,Siluro,grouped,2,13.95,13.95,https://clanpesca.com/prodotto/strike-pro-pig-shad-junior-sp172d/
15002,strike-pro,Strike Pro Pig Shad SP172A,Mare,grouped,5,12.90,12.90,https://clanpesca.com/prodotto/strike-pro-pig-shad-sp172a/
15032,strike-pro,Strike Pro Piglet Shad SP172E,Soft Shad,grouped,3,16.95,16.95,https://clanpesca.com/prodotto/strike-pro-piglet-shad-sp172e/
16272,strike-pro,Strike Pro Piglet Shad SP172F,Mare,grouped,3,12.99,12.99,https://clanpesca.com/prodotto/strike-pro-piglet-shad-sp172f/
13718,strike-pro,Strike Pro Popper Tuna Hunter Jr,Top Water Hard Siluro,grouped,3,18.00,18.00,https://clanpesca.com/prodotto/strike-pro-popper-tuna-hunter-jr/
20955,strike-pro,Strike Pro Shad EG001 Gr 12 Cm 7,Spinning e Casting,grouped,4,5.00,5.00,https://clanpesca.com/prodotto/strike-pro-shad-eg001-gr-12-cm-7/
20925,strike-pro,Strike Pro Supersonic EG081 Gr 10 Cm 6,Spinning e Casting,grouped,2,5.00,5.00,https://clanpesca.com/prodotto/strike-pro-supersonic-eg081-gr-1010-cm-6/
14250,strike-pro,Strike Pro Trecciato Strike Wire Extreme MT 135,Fili Trecciati,grouped,6,19.90,19.90,https://clanpesca.com/prodotto/strike-pro-trecciato-stike-wire-extreme-mt-135/
14210,strike-pro,Strike Pro Trecciato Strike Wire Extreme MT 275,Fili Trecciati,grouped,7,29.90,29.90,https://clanpesca.com/prodotto/strike-pro-trecciato-stike-wire-extreme-mt-275/
15019,strike-pro,Strike Pro Tumbler Shad SPT 13,Soft Shad,grouped,2,17.50,17.50,https://clanpesca.com/prodotto/strike-pro-tumbler-shad-spt-13/
15022,strike-pro,Strike Pro Tumbler Shad SPT 17,Soft Shad,grouped,2,18.50,18.50,https://clanpesca.com/prodotto/strike-pro-tumbler-shad-spt-17/
21352,strike-pro,"Strike Pro Wigglin' Oscar EG-043F Gr 15,8 Cm 6",Spinning e Casting,grouped,5,5.00,5.00,https://clanpesca.com/prodotto/strike-pro-wigglin-oscar-eg-043f-gr-158-cm-6/
20934,strike-pro,Strike Pro Wormouth Wobbler EG037,Spinning e Casting,grouped,4,5.00,5.00,https://clanpesca.com/prodotto/strike-pro-wormouth-wobbler-eg037/
21241,strike-pro,Strike Pro Yoda Wobbler EG-750 Gr 7.6 Cm 5,Spinning e Casting,grouped,5,5.00,5.00,https://clanpesca.com/prodotto/strike-pro-yoda-wobbler-eg-750-gr-76-cm-5/
15701,sunny-bros,Sunny Bros Bloodstyle 178,Swimbait,grouped,3,68.00,68.00,https://clanpesca.com/prodotto/sunny-bros-bloodstyle-178/
20128,tamura,Tamura BT Jig Gr 40,Mare,grouped,3,3.50,3.50,https://clanpesca.com/prodotto/tamura-bt-jig-gr-40/
20133,tamura,Tamura BT Jig Gr 60,Mare,grouped,3,3.50,3.50,https://clanpesca.com/prodotto/tamura-bt-jig-gr-60/
29068,tamura,Tamura Chatterbait,Spinning e Casting,grouped,9,5.60,6.00,https://clanpesca.com/prodotto/tamura-chatterbait/
13690,tamura,Tamura Cranky Fat FT Lip,Crankbait,grouped,12,9.90,9.90,https://clanpesca.com/prodotto/tamura-crankbait-cranky-fat-floating/
17093,tamura,Tamura Cranky Fat Long Lip,Siluro,grouped,4,11.90,11.90,https://clanpesca.com/prodotto/tamura-cranky-fat-long-lip/
28912,tamura,Tamura Cranky Slim F-Lip Cm 6.3 Gr 9.5,Luccio,grouped,5,8.90,8.90,https://clanpesca.com/prodotto/tamura-cranky-slim-f-lip-cm-6-3-gr-9-5/
28877,tamura,Tamura Deep Hunter Armata Cm 14 Gr 50,Luccio,grouped,8,9.00,9.00,https://clanpesca.com/prodotto/tamura-deep-hunter-armata-cm-14-gr-50/
15463,tamura,Tamura Deep Hunter Armata Cm 18 Gr 90,Luccio,grouped,10,10.00,10.00,https://clanpesca.com/prodotto/tamura-deep-hunter-armata-gr-90/
15462,tamura,Tamura Deep Hunter Senza Armatura Gr. 50,Luccio,grouped,8,3.90,3.90,https://clanpesca.com/prodotto/tamura-deep-hunter-senza-armatura-gr-50/
15301,tamura,"Tamura Flapping Craw 1.5""",Siliconici,grouped,8,4.50,4.50,https://clanpesca.com/prodotto/tamura-flapping-craw-1-5/
15302,tamura,"Tamura Flapping Craw 2.5""",Siliconici,grouped,8,4.50,4.50,https://clanpesca.com/prodotto/tamura-flapping-craw-2-5/
15318,tamura,"Tamura Flapping Craw 3""",Siliconici,grouped,7,4.50,4.50,https://clanpesca.com/prodotto/tamura-flapping-craw-3/
23980,tamura,Tamura Lethal Weapon Mini,Mare,grouped,8,2.50,2.50,https://clanpesca.com/prodotto/tamura-lethal-weapon-mini/
29092,tamura,Tamura Serial Fisher Ned Rig,Spinning e Casting,grouped,9,4.20,5.60,https://clanpesca.com/prodotto/tamura-serial-fisher-ned-rig/
15244,tamura,Tamura Soft 5101,Soft Shad,grouped,4,3.00,3.00,https://clanpesca.com/prodotto/tamura-soft-5101/
15239,tamura,Tamura Soft 5192,Soft Shad,grouped,3,3.00,3.00,https://clanpesca.com/prodotto/tamura-soft-5192/
29032,tamura,Tamura Super Froggy Cm 4 Gr 5,Spinning e Casting,grouped,3,5.00,5.00,https://clanpesca.com/prodotto/tamura-super-froggy-cm-4-gr-5/
29028,tamura,Tamura Super Froggy Cm 5.5 Gr 12,Spinning e Casting,grouped,3,6.00,6.00,https://clanpesca.com/prodotto/tamura-super-froggy-cm-5-5-gr-12/
28996,tamura,Tamura Top One Big Gr 30,Luccio,grouped,6,7.90,27.90,https://clanpesca.com/prodotto/tamura-top-one-big-gr-30/
29011,tamura,Tamura Top One Small Gr 15,Luccio,grouped,6,5.50,25.50,https://clanpesca.com/prodotto/tamura-top-one-small-gr-15/
23963,tamura,Tamura Yashino Aurora,Mare,grouped,10,2.50,2.50,https://clanpesca.com/prodotto/tamura-yashino-aurora/
24007,tamura,Tamura Yashino Red Devil MF400,Mare,grouped,7,2.50,2.50,https://clanpesca.com/prodotto/tamura-yashino-red-devil-mf400/
23999,tamura,Tamura Yashino Red Devil MF500,Mare,grouped,7,2.50,2.50,https://clanpesca.com/prodotto/tamura-yashino-red-devil-mf500/
24094,tamura,Totanare UV Tamura 2,Mare,grouped,6,4.50,4.50,https://clanpesca.com/prodotto/totanare-uv-tamura-2/
24102,tamura,Totanare UV Tamura 2.5,Mare,grouped,6,4.50,4.50,https://clanpesca.com/prodotto/totanare-uv-tamura-2-5/
24109,tamura,Totanare UV Tamura 3.0,Mare,grouped,6,4.50,4.50,https://clanpesca.com/prodotto/totanare-uv-tamura-3-0/
29793,tamura,Totanare Yashino Lethal Weapon #2.0 MF8001N,Mare,grouped,23,2.50,2.50,https://clanpesca.com/prodotto/totanare-yashino-lethal-weapon-2-0-mf8001n/
29887,tamura,Totanare Yashino Lethal Weapon #2.5 MF8001N,Mare,grouped,23,2.50,2.50,https://clanpesca.com/prodotto/totanare-yashino-lethal-weapon-3-0-mf8001n/
29942,tamura,Totanare Yashino Lethal Weapon #3.0 MF8001N,Mare,grouped,23,2.50,2.50,https://clanpesca.com/prodotto/totanare-yashino-lethal-weapon-3-0-mf8001n-2/
29994,tamura,Totanare Yashino Lethal Weapon #3.5 MF8001N,Mare,grouped,23,2.50,2.50,https://clanpesca.com/prodotto/totanare-yashino-lethal-weapon-3-5-mf8001n/
23774,tamura,Yashino Lethal Weapon #2.5,Mare,grouped,11,2.50,2.50,https://clanpesca.com/prodotto/yashino-lethal-weapon-2-5/
23792,tamura,Yashino Lethal Weapon #3.0,Mare,grouped,11,2.50,2.50,https://clanpesca.com/prodotto/yashino-lethal-weapon-3-0/
23827,tamura,Yashino Lethal Weapon N #2.5,Mare,grouped,0,2.50,2.50,https://clanpesca.com/prodotto/yashino-lethal-weapon-n-2-5/
23877,tamura,Yashino Lethal Weapon N #3.0,Mare,grouped,18,2.50,2.50,https://clanpesca.com/prodotto/yashino-lethal-weapon-n-3-0/
23925,tamura,Yashino Lethal Weapon N #3.5,Mare,grouped,22,2.50,2.50,https://clanpesca.com/prodotto/yashino-lethal-weapon-n-3-5/
24026,tamura,Yashino Lumi 1.0 mm 40,Mare,grouped,7,2.50,2.50,https://clanpesca.com/prodotto/yashino-lumi-1-0-mm-40/
24034,tamura,Yashino Lumi 1.5 mm 50,Mare,grouped,7,2.50,2.50,https://clanpesca.com/prodotto/yashino-lumi-1-5-mm-50/
24042,tamura,Yashino Lumi 2.0 mm 60,Mare,grouped,7,2.50,2.50,https://clanpesca.com/prodotto/yashino-lumi-2-0-mm-60/
24052,tamura,Yashino Lumi 2.5 mm 75,Mare,grouped,7,2.50,2.50,https://clanpesca.com/prodotto/yashino-lumi-2-5-mm-75-2/
24061,tamura,Yashino Lumi 3.0 mm 95,Mare,grouped,7,2.50,2.50,https://clanpesca.com/prodotto/yashino-lumi-3-0-mm-95/
24070,tamura,Yashino Lumi 3.5 mm 110,Mare,grouped,7,2.50,2.50,https://clanpesca.com/prodotto/yashino-lumi-3-5-mm-110/
24080,tamura,Yashino Lumi 4.0 mm 120,Mare,grouped,7,2.50,2.50,https://clanpesca.com/prodotto/yashino-lumi-4-0-mm-120/
13545,teben,Mulinello Teben CBS Alu Body 9+1 BB,Frizione anteriore,grouped,3,69.00,69.00,https://clanpesca.com/prodotto/teben-mulinello-cbs-alu-body-91bb/
13590,teben,Teben Bait Casting TBC10,Casting,simple,0,89.00,89.00,https://clanpesca.com/prodotto/teben-bait-casting-tbc10/
22251,teben,Teben Mulinello ABS 9+1 BB,Mare,grouped,4,85.00,92.00,https://clanpesca.com/prodotto/teben-mulinello-abs-91-bb/
21806,teben,Teben Mulinello Aquarius Bait Control 4000,Offerte,simple,0,55.00,55.00,https://clanpesca.com/prodotto/teben-mulinello-aquarius-bait-control-4000/
22257,teben,Teben Mulinello BBS 8+1,Mare,grouped,4,39.00,39.00,https://clanpesca.com/prodotto/teben-mulinello-bbs-81/
21818,teben,Teben Mulinello Challenger Pro 8+1,Mulinelli Spinning,grouped,5,29.00,29.00,https://clanpesca.com/prodotto/teben-mulinello-challenger-pro-81/
22278,teben,Teben Mulinello GTS 7+1,Mare,grouped,4,30.00,30.00,https://clanpesca.com/prodotto/teben-mulinello-gts-71/
21799,teben,Teben Mulinello GTS Metal Version,Mulinelli,grouped,3,110.00,120.00,https://clanpesca.com/prodotto/teben-mulinello-gts-metal-version/
22290,teben,Teben Mulinello LV 3+1,Mare,grouped,5,25.00,25.00,https://clanpesca.com/prodotto/teben-mulinello-lv-31/
22390,teben,Teben Mulinello Serie T,Mare,grouped,5,42.00,49.00,https://clanpesca.com/prodotto/teben-mulinello-serie-t/
22119,teben,Teben Mulinello Vic,Mulinelli,grouped,2,49.00,55.00,https://clanpesca.com/prodotto/teben-mulinello-vic/
14297,trabucco,Trabucco Pasturatore SP Flatbed Pellet Feeder Elasticated,Pasturatori,grouped,2,2.50,2.50,https://clanpesca.com/prodotto/trabucco-pasturatore-sp-flatbed-pellet-feeder-elasticated/
14300,trabucco,Trabucco Pasturatore SP Flatbet Pellet Feeder In Line,Pasturatori,grouped,2,1.99,2.50,https://clanpesca.com/prodotto/trabucco-pasturatore-sp-flatbet-pellet-feeder-in-line/
13943,trabucco,Trabucco Trecciato Dyna TEX SLK X8 150 MT,Fili Trecciati,grouped,2,29.90,29.90,https://clanpesca.com/prodotto/trabucco-trecciato-dyna-tex-slk-x8-150-mt/
13985,tris,Fascia Elastica per Grembiule,Gilet & Grembiuli,simple,0,16.50,16.50,https://clanpesca.com/prodotto/fascia-elastica-per-grembiule/
13402,tris,Tris Evolution Bombarda Affondamento 1,Bombarde,grouped,7,2.90,2.90,https://clanpesca.com/prodotto/tris-evolution-bombarda-affondamento-1/
13410,tris,Tris Evolution Bombarda Affondamento 2,Bombarde,grouped,7,2.90,2.90,https://clanpesca.com/prodotto/tris-evolution-bombarda-affondamento-2/
13411,tris,Tris Evolution Bombarda Affondamento 3,Bombarde,grouped,7,2.90,2.90,https://clanpesca.com/prodotto/tris-evolution-bombarda-affondamento-3/
13425,tris,Tris Evolution Bombarda Affondamento 4,Bombarde,grouped,6,2.90,2.90,https://clanpesca.com/prodotto/tris-evolution-bombarda-affondamento-4/
13426,tris,Tris Evolution Bombarda Affondamento 8,Bombarde,grouped,5,2.90,2.90,https://clanpesca.com/prodotto/tris-evolution-bombarda-affondamento-8/
14321,tris,Tris TLT Hook con Fluorocarbon Cm 250,Ami Legati,grouped,13,4.95,4.95,https://clanpesca.com/prodotto/tris-tlt-hook-con-fluorocarbon-cm-250/
14339,tris,Tris TLT Hook con Nylon Cm 200,Ami legati,grouped,12,3.95,3.95,https://clanpesca.com/prodotto/tris-tlt-hook-con-nylon-cm-200/
14346,tris,Tris TLT Hook Senza ardiglione con Nylon Cm 200,Ami legati,grouped,5,4.50,4.50,https://clanpesca.com/prodotto/tris-tlt-hook-senza-ardiglione-con-nylon-cm-200/
25372,tubertini,Borsa Tubertini Offshore 550,Mare,simple,0,59.90,59.90,https://clanpesca.com/prodotto/borsa-tubertini-offshore-550/
25418,tubertini,Canna Tubertini Ionic 2 TLS,Mare,grouped,3,139.00,159.00,https://clanpesca.com/prodotto/canna-tubertini-ionic-2-tls/
25430,tubertini,Canna Tubertini Sylan,Mare,grouped,3,85.00,110.00,https://clanpesca.com/prodotto/canna-tubertini-sylan/
33232,tubertini,Combo Trota Lago fino a Gr 12,Trota Lago,woosb,0,89.80,89.80,https://clanpesca.com/prodotto/completo-canna-mulinello-trota-lago-tubertini-maniac-4200-ar-twix-2000/
33143,tubertini,Mulinelli Tubertini Slade con Bobina in Alluminio,Spinning e Casting,grouped,2,35.00,39.00,https://clanpesca.com/prodotto/mulinelli-tubertini-slade-a-con-bobina-in-alluminio/
14367,tubertini,Mulinello Tubertini Hylas FD,Frizione anteriore,grouped,4,189.00,199.00,https://clanpesca.com/prodotto/tubertini-hylas-fd/
25391,tubertini,Setaccio Tubertini Maggi Box cm 13x13,Mare,simple,0,5.90,5.90,https://clanpesca.com/prodotto/setaccio-tubertini-maggi-box-cm-13x13/
30811,tubertini,Tubertini Area Pro 5500 EX,Tecniche Varie,grouped,2,140.00,179.00,https://clanpesca.com/prodotto/tubertini-area-pro-5500/
16660,tubertini,Tubertini Argos Light Galleggiante all'Inglese,Tecniche Varie,grouped,4,7.50,7.50,https://clanpesca.com/prodotto/tubertini-argos-light-galleggiante-allinglese/
13878,tubertini,Tubertini Borsa Hard Box Small,Borse,simple,0,69.00,69.00,https://clanpesca.com/prodotto/tubertini-borsa-hard-box-small/
25053,tubertini,Tubertini Borsa Imola Cm 48x33x30,Luccio,simple,0,59.00,59.00,https://clanpesca.com/prodotto/tubertini-borsa-imola-cm-48x33x30/
25055,tubertini,Tubertini Borsa Middle Cm 63x33x33,Luccio,simple,0,105.00,105.00,https://clanpesca.com/prodotto/tubertini-borsa-middle-cm-63x33x33/
13877,tubertini,Tubertini Borsa Titan,Borse,simple,0,69.00,69.00,https://clanpesca.com/prodotto/tubertini-borsa-titan/
14672,tubertini,Tubertini Bos Fluorocarbon 50 MT,Fili Fluorocarbon,grouped,8,7.90,13.50,https://clanpesca.com/prodotto/tubertini-bos-fluorocarbon-50-mt/
13802,tubertini,Tubertini Braided Line Viral MT 150,Fili Trecciati,grouped,7,24.50,24.50,https://clanpesca.com/prodotto/tubertini-braided-line-viral-mt-150/
13833,tubertini,Tubertini Braided Line Viral SK MT 150,Fili Trecciati,grouped,7,23.50,23.50,https://clanpesca.com/prodotto/tubertini-braided-line-viral-sk-mt-150/
14985,tubertini,Tubertini Break Line Cat,Boa & Vivo,simple,0,149.00,149.00,https://clanpesca.com/prodotto/tubertini-break-line-cat/
13645,tubertini,Tubertini Canna Deep Yak Ft 6 Gr 50/150,Canne Vertical Siluro,simple,0,129.00,129.00,https://clanpesca.com/prodotto/tubertini-canna-deep-yak-ft-6-gr-50-150/
33233,tubertini,Tubertini Canna Maniac 4200 AR Gr 3-12,Canne Trota lago,simple,0,49.90,49.90,https://clanpesca.com/prodotto/canna-trota-lago-tubertini-maniac-4200-ar-3-12-g/
13656,tubertini,Tubertini Canna Shibani 185 SJ,Canne Vertical Siluro,grouped,2,95.00,99.00,https://clanpesca.com/prodotto/tubertini-canna-shibani-185-sj/
13644,tubertini,Tubertini Canna Spin Yak Ft 7.3 Gr 15/60,Mare,simple,0,145.00,145.00,https://clanpesca.com/prodotto/tubertini-canna-spin-yak-ft-7-3-gr-15-60/
21676,tubertini,Tubertini Crossover 2 Mt 2.20 Lb 6-12,Mare,simple,0,139.00,139.00,https://clanpesca.com/prodotto/tubetini-crossover-2-mt-2-20-lb-6-12/
13434,tubertini,Tubertini Enduro Bag,Borse,grouped,2,45.00,49.90,https://clanpesca.com/prodotto/tubertini-enduro-bag/
13860,tubertini,Tubertini Express Feeder,Ledgering - Feeder - Inglese,grouped,3,69.00,79.00,https://clanpesca.com/prodotto/tubertini-express-feeder-ft-11-gr-60-2/
13445,tubertini,Tubertini Fodero Cesena,Mare,grouped,2,39.00,41.00,https://clanpesca.com/prodotto/tubertini-fodero-cesena/
13442,tubertini,Tubertini Fodero Forlì,Mare,grouped,2,36.60,55.00,https://clanpesca.com/prodotto/tubertini-fodero-forli/
25105,tubertini,Tubertini Fodero Jocker 1,Luccio,simple,0,58.50,58.50,https://clanpesca.com/prodotto/tubertini-fodero-jocker-1/
15345,tubertini,Tubertini Gorilla Surf Mt 300,Fili Nylon,grouped,5,8.40,12.90,https://clanpesca.com/prodotto/tubertini-gorilla-surf-mt-300/
15327,tubertini,Tubertini Honor Mt 1000,Fili Nylon,grouped,3,17.50,17.50,https://clanpesca.com/prodotto/tubertini-honor-mt-1000/
16652,tubertini,Tubertini Ischia Galleggiante all'Inglese,Tecniche Varie,grouped,5,5.90,5.90,https://clanpesca.com/prodotto/tubertini-ischia-galleggiante-allinglese/
20092,tubertini,Tubertini Kaliber Surf,Mare,grouped,2,89.00,95.00,https://clanpesca.com/prodotto/tubertini-kaliber-surf/
13886,tubertini,Tubertini Level Chrome,Bolognese,grouped,2,155.00,199.00,https://clanpesca.com/prodotto/tubertini-level-chrome/
28108,tubertini,Tubertini Level No Limits EVO Montata,Mare,grouped,3,179.90,345.00,https://clanpesca.com/prodotto/tubertini-level-no-limits-evo-montata/
25387,tubertini,Tubertini Maggi Box,Mare,grouped,3,3.90,5.50,https://clanpesca.com/prodotto/tubertini-maggi-box/
14288,tubertini,Tubertini Method Inline T Bait TPC Small,Pasturatori,grouped,5,3.20,4.30,https://clanpesca.com/prodotto/tubertini-method-t-bait-tpc-small/
13769,tubertini,Tubertini Millennium TRX Montata,Canne Trota lago,grouped,3,125.00,175.00,https://clanpesca.com/prodotto/tubertini-millennium-trx-montata/
17231,tubertini,Tubertini Mulinello Wasp,Mare,grouped,5,85.00,89.00,https://clanpesca.com/prodotto/tubertini-mulinello-wasp/
27258,tubertini,Tubertini Mulinello Xide,Mare,grouped,4,33.00,41.00,https://clanpesca.com/prodotto/tubertini-mulinello-xide/
15292,tubertini,Tubertini Noway Mt 50,Fili Nylon,grouped,4,7.40,7.40,https://clanpesca.com/prodotto/tubertini-noway-mt-50/
20570,tubertini,Tubertini Nylon Megadom Mt 300,Mare,grouped,2,15.95,16.95,https://clanpesca.com/prodotto/tubertini-nylon-megadom-mt-300/
20574,tubertini,Tubertini Nylon Megadom Mt 600,Mare,grouped,2,19.90,22.90,https://clanpesca.com/prodotto/tubertini-nylon-megadom-mt-600/
13437,tubertini,Tubertini Offshore Bag,Borse,grouped,2,40.90,47.50,https://clanpesca.com/prodotto/tubertini-offshore-bag/
28032,tubertini,Tubertini Pencil Feeder,Tecniche Varie,grouped,2,125.00,129.00,https://clanpesca.com/prodotto/tubertini-pencil-feeder/
20096,tubertini,Tubertini Performer,Mare,grouped,2,69.00,75.00,https://clanpesca.com/prodotto/tubertini-performer/
16674,tubertini,Tubertini Porta Bombarde L,Trota Lago,simple,0,21.00,21.00,https://clanpesca.com/prodotto/tubertini-porta-bombarde-l/
28118,tubertini,Tubertini Raider Handle,Mare,grouped,2,14.95,22.90,https://clanpesca.com/prodotto/tubertini-raider-handle/
28114,tubertini,Tubertini Raider Handle Strong,Mare,grouped,2,19.95,29.00,https://clanpesca.com/prodotto/tubertini-raider-handle-strong/
15323,tubertini,Tubertini Raion Mt 150,Fili Nylon,grouped,4,10.90,11.50,https://clanpesca.com/prodotto/tubertini-raion-mt-150/
27194,tubertini,Tubertini Razer,Spinning e Casting,grouped,3,29.00,29.00,https://clanpesca.com/prodotto/tubertini-razer/
21681,tubertini,Tubertini Sea Master,Mare,simple,0,139.00,139.00,https://clanpesca.com/prodotto/tubertini-sea-master/
16636,tubertini,Tubertini T-Pro Dumbell,Tecniche Varie,grouped,5,4.90,4.90,https://clanpesca.com/prodotto/tubertini-t-pro-dumbell-2/
13838,tubertini,Tubertini Tatanka 1000 Montata,All Round,grouped,1,95.00,95.00,https://clanpesca.com/prodotto/tubertini-tatanka-1000-montata/
15339,tubertini,Tubertini Tatanka Evo Mt 150,Fili Nylon,grouped,8,11.50,14.50,https://clanpesca.com/prodotto/tubertini-tatanka-evo-mt-150/
30805,tubertini,Tubertini Tatanka Force Slim,Tecniche Varie,grouped,3,89.95,89.95,https://clanpesca.com/prodotto/tubertini-tatanka-force-slim/
14709,tubertini,Tubertini Tatanka Neutral Mt 150,Fili Nylon,grouped,5,13.90,16.50,https://clanpesca.com/prodotto/tubertini-tatanka-neutral-mt-150/
15331,tubertini,Tubertini TBR Mt 150,Fili Nylon,grouped,3,5.80,5.80,https://clanpesca.com/prodotto/tubertini-tbr-mt-150/
14702,tubertini,Tubertini Testa di Guadino Impact,Nasse & Guadini,grouped,2,25.00,28.95,https://clanpesca.com/prodotto/tubertini-testa-di-guadino-impact/
28126,tubertini,Tubertini The Dick,Tecniche Varie,grouped,4,3.20,4.90,https://clanpesca.com/prodotto/tubertini-the-dick/
14450,tubertini,Tubertini Toda FX,Frizione anteriore,grouped,2,169.00,169.00,https://clanpesca.com/prodotto/tubertini-toda-fx/
13473,tubertini,Tubertini UC4 Gorilla Mt 100,Fili Fluorocarbon,grouped,9,14.90,18.90,https://clanpesca.com/prodotto/tubertini-uc4-gorilla-mt-100/
14463,tubertini,Tubertini Vertigo Black,Frizione anteriore,grouped,4,110.00,122.00,https://clanpesca.com/prodotto/tubertini-vertigo-black/
21674,tubertini,Tubertini Vitality 2 Mt 2.10 Lb 12-20,Mare,simple,0,139.00,139.00,https://clanpesca.com/prodotto/tubertini-vitality-2-mt-2-10-lb-12-20/
21671,tubertini,Tubertini Vitality Tuna Mt 2.00 Lb 30-50,Mare,simple,0,179.00,179.00,https://clanpesca.com/prodotto/tubertini-vitality-tuna-mt-2-00-lb-30-50/
23510,tunala,Tunala BL049 Hook Remover,Mare,simple,0,34.90,34.90,https://clanpesca.com/prodotto/tunala-bl049-hook-remover/
24614,unitika,Unitika Compact Shock Leader Fluorocarbon,Mare,grouped,10,7.90,7.90,https://clanpesca.com/prodotto/unitika-compact-shock-leader-fluorocarbon-3/
24610,unitika,Unitika Compact Shock Leader Fluorocarbon 20 LB,Mare,simple,0,7.90,7.90,https://clanpesca.com/prodotto/unitika-compact-shock-leader-fluorocarbon-20-lb/
24612,unitika,Unitika Compact Shock Leader Fluorocarbon 25 LB,Mare,simple,0,7.90,7.90,https://clanpesca.com/prodotto/unitika-compact-shock-leader-fluorocarbon-25-lb/
24599,unitika,Unitika Compact Shock Leader Fluorocarbon 4 LB,Mare,simple,0,7.90,7.90,https://clanpesca.com/prodotto/unitika-compact-shock-leader-fluorocarbon-2/
24603,unitika,Unitika Compact Shock Leader Fluorocarbon 5 LB,Mare,simple,0,7.90,7.90,https://clanpesca.com/prodotto/unitika-compact-shock-leader-fluorocarbon-5-lb/
24604,unitika,Unitika Compact Shock Leader Fluorocarbon 6 LB,Mare,simple,0,7.90,7.90,https://clanpesca.com/prodotto/unitika-compact-shock-leader-fluorocarbon-6-lb/
27210,unitika,Unitika Univenture X8 Mt 150,Spinning e Casting,grouped,7,29.50,29.50,https://clanpesca.com/prodotto/unitika-univenture-x8/
31535,urban-fishing,Urban Fishing 120 Slim Cm 12 Gr 16 S,Luccio,grouped,6,25.00,25.00,https://clanpesca.com/prodotto/urban-fishing-120-slim-cm-12-gr-16-s/
31514,urban-fishing,Urban Fishing 97 Slim Cm 10 Gr 12 S,Luccio,grouped,6,24.00,24.00,https://clanpesca.com/prodotto/urban-fishing-97-slim-cm-10-gr-12-s/
31500,urban-fishing,Urban Fishing RealDeal 110 Cm 11 Gr 20 S,Luccio,grouped,6,24.00,24.00,https://clanpesca.com/prodotto/urban-fishing-realdeal-110-cm-11-gr-20-s/
31486,urban-fishing,Urban Fishing RealDeal 50 Cm 5 Gr 6.5 S,Spinning e Casting,grouped,6,19.00,19.00,https://clanpesca.com/prodotto/urban-fishing-realdeal-50-cm-5-gr-6-5-s/
31472,urban-fishing,Urban Fishing RealDeal 67 Cm 7 Gr 9 S,Mare,grouped,6,20.50,20.50,https://clanpesca.com/prodotto/urban-fishing-realdeal-67-cm-7-gr-9-s/
31456,urban-fishing,Urban Fishing RealDeal 87 Cm 9 Gr 15 S,Mare,grouped,6,22.00,22.00,https://clanpesca.com/prodotto/urban-fishing-realdeal-87-cm-9-gr-15-s/
27239,vision,Vision Dobb Daddy Dobb,Luccio,simple,0,6.50,6.50,https://clanpesca.com/prodotto/dobb-daddy-dobb/
27241,vision,Vision Dobb Daddy Kit with Hook,Luccio,simple,0,7.90,7.90,https://clanpesca.com/prodotto/vision-dobb-daddy-kit-with-hook/
27237,vision,Vision Dobb Daddy Rubber Ball,Luccio,simple,0,4.90,4.90,https://clanpesca.com/prodotto/dobb-daddy-rubber/
27220,vision,Vision SpinFly Dobb Daddy Cm 28 Gr 24,Luccio,grouped,1,14.50,14.50,https://clanpesca.com/prodotto/vision-spinfly-dobb-daddy-cm-28-gr-24/
33137,x6x,Mulinelli X6X Twix con Corpo in Grafite e Bobina in Alluminio,Mare,grouped,2,65.00,65.00,https://clanpesca.com/prodotto/mulinelli-x6x-twix-con-corpo-in-grafite-e-bobina-in-alluminio/
15360,x6x,Mulinello Java S X6X,Frizione anteriore,grouped,2,35.00,35.00,https://clanpesca.com/prodotto/mulinello-java-s-x6x/
33131,x6x,Mulinello Surfcasting X6X Super Cast 6000 con Due Bobine in Alluminio,Mare,simple,0,79.00,79.00,https://clanpesca.com/prodotto/mulinello-surfcasting-x6x-super-cast-6000-con-due-bobine-in-alluminio/
14502,x6x,Mulinello X6X Accord,Frizione anteriore,grouped,2,119.00,125.00,https://clanpesca.com/prodotto/x6x-accord/
27171,x6x,Mulinello X6X Koreo,Luccio,grouped,2,89.00,94.00,https://clanpesca.com/prodotto/mulinello-x6x-koreo/
27186,x6x,Mulinello X6X Royale,Mare,grouped,2,27.00,28.00,https://clanpesca.com/prodotto/mulinello-x6x-royale/
24303,x6x,Mulinello X6X Thyphoon 300L 9+1BB,Mare,simple,0,136.00,136.00,https://clanpesca.com/prodotto/mulinello-x6x-thyphoon-300l-91bb/
32161,yamanami,Yamanami A2 Flat 45S,Spinning e Casting,grouped,8,23.90,23.90,https://clanpesca.com/prodotto/yamanami-a2-flat-45s/
32133,yamanami,Yamanami A2 Minnow 52S,Spinning e Casting,grouped,8,23.90,23.90,https://clanpesca.com/prodotto/yamanami-a2-minnow-52s/
32179,yamanami,Yamanami Izuru 60S,Spinning e Casting,grouped,8,26.90,26.90,https://clanpesca.com/prodotto/yamanami-izuru-60s/
20138,yamashita,Yamashita Tako Yure Hunter Mis L Col VK,Mare,simple,0,8.00,8.00,https://clanpesca.com/prodotto/yamashita-tako-yure-hunter-mis-l-col-vk/
27052,zerek-innovation,Zerek Innovation Affinity 160 mm 41 Gr,Luccio,grouped,4,35.00,35.00,https://clanpesca.com/prodotto/zerek-innovation-affinity-160-mm-41-gr/
30773,zerek-innovation,Zerek Innovation Affinity 220 mm 96 Gr,Luccio,grouped,3,39.00,39.00,https://clanpesca.com/prodotto/zerek-innovation-affinity-220-mm-96-gr/
31432,zerek-innovation,Zerek Innovation Fry Cm 5,Spinning e Casting,grouped,3,13.95,13.95,https://clanpesca.com/prodotto/zerek-innovation-fry-cm-5/
31410,zerek-innovation,Zerek Innovation Popparazzi Cm 5,Mare,grouped,4,11.95,11.95,https://clanpesca.com/prodotto/zerek-innovation-popparazzi-cm-5/
31423,zerek-innovation,Zerek Innovation Stream-X 65 Cm 6.5,Spinning e Casting,grouped,5,15.95,15.95,https://clanpesca.com/prodotto/zerek-innovation-stream-x-65-cm-6-5/
14081,zpi,Zpi Bfc Pentagram Star Drag for Abu BFD01L Col Red,Stelle Frizione,simple,0,68.00,68.00,https://clanpesca.com/prodotto/zpi-bfc-pentagram-star-drag-for-abu-bfd01l-col-red/
14096,zpi,Zpi Bfc Pentagram Star Drag for Abu BFD01R,Stelle Frizione,grouped,3,68.00,68.00,https://clanpesca.com/prodotto/zpi-bfc-pentagram-star-drag-for-abu-bfd01r/
32995,zpi,ZPI F-0 PRO Nano Finesse,Spinning,simple,0,23.90,23.90,https://clanpesca.com/prodotto/zpi-f-0-pro-nano-finesse/
17364,zpi,Zpi Reel Stand Light 02,Spinning,grouped,2,25.00,25.00,https://clanpesca.com/prodotto/zpi-reel-stand-light-02/
