id,marca,prodotto,categoria,cp_prezzo_da,cp_prezzo_a,sito,livello_match,prezzo_concorrente,conc_da,conc_a,disponibilita_concorrente,posizione,delta_pct,url_concorrente,url_clanpesca
12751,molix,"Molix Caleo Craw 4""",Creature & Craw,4.50,6.98,bassstoreitaly.com,possibile,6.99,,,disponibile,cp_piu_economico,-0.1,https://bassstoreitaly.com/it/molix-caleo-craw,https://clanpesca.com/prodotto/molix-caleo-craw-4/
12751,molix,"Molix Caleo Craw 4""",Creature & Craw,4.50,6.98,webpesca.it,possibile,6.39,,,esaurito,in_fascia,+0.0,https://www.webpesca.it/shop/artificiale-craw-molix-caleo-craw-10-cm-green-shimmering/,https://clanpesca.com/prodotto/molix-caleo-craw-4/
12764,molix,"Molix Craw Flex 3""",Creature & Craw,6.98,6.98,bassstoreitaly.com,possibile,7.99,,,disponibile,cp_piu_economico,-12.6,https://bassstoreitaly.com/it/molix-craw-flex,https://clanpesca.com/prodotto/molix-craw-flex-3/
12764,molix,"Molix Craw Flex 3""",Creature & Craw,6.98,6.98,webpesca.it,probabile,4.80,,,esaurito,cp_piu_caro,+45.4,https://www.webpesca.it/shop/artificiale-craw-molix-flex-3-7-5-cm-blu-notte/,https://clanpesca.com/prodotto/molix-craw-flex-3/
12767,molix,Molix Finder Jerk 150,Jerkbait,17.69,17.69,bassstoreitaly.com,esatto,16.20,,,disponibile,cp_piu_caro,+9.2,https://bassstoreitaly.com/it/molix-finder-jerk-150,https://clanpesca.com/prodotto/molix-finder-jerk-150/
12767,molix,Molix Finder Jerk 150,Jerkbait,17.69,17.69,escaepescashop.it,possibile,15.10,,,esaurito,cp_piu_caro,+17.2,https://escaepescashop.it/prodotto/molix-finder-jerk-110sp/,https://clanpesca.com/prodotto/molix-finder-jerk-150/
12767,molix,Molix Finder Jerk 150,Jerkbait,17.69,17.69,pescapromo.it,possibile,18.95,,,disponibile,cp_piu_economico,-6.6,https://pescapromo.it/t/esche-artificiali-minnow/molix-finder-jerk-evo-110-sp-suspending-crankbait-11cm-95g,https://clanpesca.com/prodotto/molix-finder-jerk-150/
12767,molix,Molix Finder Jerk 150,Jerkbait,17.69,17.69,webpesca.it,possibile,16.80,,,esaurito,cp_piu_caro,+5.3,https://www.webpesca.it/shop/artificiale-jerkbait-molix-finder-jerk-15-cm-22-gr-red-head/,https://clanpesca.com/prodotto/molix-finder-jerk-150/
12791,molix,Molix Glide Bait 178 Slow Sinking,Swimbait Luccio,29.98,32.70,pescapromo.it,esatto,30.35,,,disponibile,in_fascia,+0.0,https://pescapromo.it/t/swimbaits/molix-glide-bait-178-slow-sinking,https://clanpesca.com/prodotto/molix-glide-bait-178-slow-sinking/
12797,molix,Molix Elite Area Spoon Gr 0.8,Spoon,6.50,6.50,bassstoreitaly.com,possibile,5.99,,,disponibile,cp_piu_caro,+8.5,https://bassstoreitaly.com/it/ondulanti-molix-elite-trout-area-spoon,https://clanpesca.com/prodotto/molix-elite-area-spoon-gr-0-8/
12797,molix,Molix Elite Area Spoon Gr 0.8,Spoon,6.50,6.50,escaepescashop.it,possibile,7.02,,,disponibile,cp_piu_economico,-7.4,https://escaepescashop.it/prodotto/molix-elite-area-spoon/,https://clanpesca.com/prodotto/molix-elite-area-spoon-gr-0-8/
12808,molix,"Molix Freaky Craw 4""",Creature & Craw,6.79,6.79,bassstoreitaly.com,possibile,5.99,,,disponibile,cp_piu_caro,+13.4,https://bassstoreitaly.com/it/molix-freaky-craw,https://clanpesca.com/prodotto/molix-freaky-craw-4/
12808,molix,"Molix Freaky Craw 4""",Creature & Craw,6.79,6.79,escaepescashop.it,esatto,7.50,,,disponibile,cp_piu_economico,-9.5,https://escaepescashop.it/prodotto/molix-freaky-craw-4/,https://clanpesca.com/prodotto/molix-freaky-craw-4/
12808,molix,"Molix Freaky Craw 4""",Creature & Craw,6.79,6.79,webpesca.it,esatto,6.00,,,esaurito,cp_piu_caro,+13.2,https://www.webpesca.it/shop/artificiale-craw-molix-freaky-craw-4-10-cm-black-blue/,https://clanpesca.com/prodotto/molix-freaky-craw-4/
12820,molix,"Molix Freaky Craw 2.8""",Creature & Craw,6.79,6.79,bassstoreitaly.com,possibile,5.99,,,disponibile,cp_piu_caro,+13.4,https://bassstoreitaly.com/it/molix-freaky-craw,https://clanpesca.com/prodotto/molix-freaky-craw-2-8/
12820,molix,"Molix Freaky Craw 2.8""",Creature & Craw,6.79,6.79,escaepescashop.it,esatto,7.55,,,disponibile,cp_piu_economico,-10.1,https://escaepescashop.it/prodotto/molix-freaky-craw-28/,https://clanpesca.com/prodotto/molix-freaky-craw-2-8/
12820,molix,"Molix Freaky Craw 2.8""",Creature & Craw,6.79,6.79,webpesca.it,possibile,6.00,,,esaurito,cp_piu_caro,+13.2,https://www.webpesca.it/shop/artificiale-craw-molix-freaky-craw-4-10-cm-black-blue/,https://clanpesca.com/prodotto/molix-freaky-craw-2-8/
12828,molix,"Molix Freaky Flex 3""",Creature & Craw,6.29,6.29,bassstoreitaly.com,possibile,6.09,,,disponibile,cp_piu_caro,+3.3,https://bassstoreitaly.com/it/molix-freaky-flex,https://clanpesca.com/prodotto/molix-freaky-flex-3/
12828,molix,"Molix Freaky Flex 3""",Creature & Craw,6.29,6.29,webpesca.it,probabile,6.36,,,esaurito,cp_piu_economico,-1.1,https://www.webpesca.it/shop/artificiale-craw-molix-freaky-flex-3-7-5-cm-mixed-pack/,https://clanpesca.com/prodotto/molix-freaky-flex-3/
12835,molix,Molix Glide Bait 140 Floating,Swimbait Luccio,31.50,31.50,webpesca.it,possibile,24.23,,,esaurito,cp_piu_caro,+30.0,https://www.webpesca.it/shop/artificiale-swimbait-molix-glide-bait-floating-13-cm-28-ghost-ayu/,https://clanpesca.com/prodotto/molix-glide-bait-140-floating/
12843,molix,Molix Glide Bait 140 Floating Lip,Swimbait Luccio,31.50,31.50,webpesca.it,possibile,33.15,,,esaurito,cp_piu_economico,-5.0,https://www.webpesca.it/shop/artificiale-swimbait-molix-glide-bait-lip-floating-17-8-cm-73-gr-live-carp/,https://clanpesca.com/prodotto/molix-glide-bait-140-floating-lip/
12849,molix,Molix Glide Bait 178 Floating,Swimbait Luccio,26.98,26.98,webpesca.it,possibile,24.23,,,esaurito,cp_piu_caro,+11.3,https://www.webpesca.it/shop/artificiale-swimbait-molix-glide-bait-floating-13-cm-28-ghost-ayu/,https://clanpesca.com/prodotto/molix-glide-bait-178-floating/
12862,molix,"Molix Freaky Flip 4""",Creature & Craw,6.59,6.59,bassstoreitaly.com,possibile,6.49,,,disponibile,cp_piu_caro,+1.5,https://bassstoreitaly.com/it/molix-freaky-flip,https://clanpesca.com/prodotto/molix-freaky-flip-4/
12878,molix,Molix Hybrid Swimmer 165,Luccio,17.99,17.99,bassstoreitaly.com,esatto,14.59,,,disponibile,cp_piu_caro,+23.3,https://bassstoreitaly.com/it/molix-hybrid-swimmer-165,https://clanpesca.com/prodotto/molix-hybrid-swimmer-165/
12878,molix,Molix Hybrid Swimmer 165,Luccio,17.99,17.99,webpesca.it,possibile,16.00,,,esaurito,cp_piu_caro,+12.4,https://www.webpesca.it/shop/artificiale-shad-molix-hybrid-swimmer-16-5-cm-70-gr-chartreuse/,https://clanpesca.com/prodotto/molix-hybrid-swimmer-165/
12886,molix,Molix Jugulo Wide Casting Jig Gr 7,Metal Jig,10.50,10.50,bassstoreitaly.com,possibile,8.99,,,disponibile,cp_piu_caro,+16.8,https://bassstoreitaly.com/it/molix-jugulo-wide-casting-jig,https://clanpesca.com/prodotto/molix-jugulo-wide-casting-jig-gr-7/
12886,molix,Molix Jugulo Wide Casting Jig Gr 7,Metal Jig,10.50,10.50,megafish.it,possibile,15.05,,,,cp_piu_economico,-30.2,https://www.megafish.it/jig/5872-molix-jugulo-wide-jig.html,https://clanpesca.com/prodotto/molix-jugulo-wide-casting-jig-gr-7/
12886,molix,Molix Jugulo Wide Casting Jig Gr 7,Metal Jig,10.50,10.50,webpesca.it,esatto,8.80,,,esaurito,cp_piu_caro,+19.3,https://www.webpesca.it/shop/artificiale-metal-jig-molix-jugulo-wide-casting-4-cm-7-gr-fb-goby/,https://clanpesca.com/prodotto/molix-jugulo-wide-casting-jig-gr-7/
12893,molix,Molix Jugulo Wide Casting Jig Gr 10,Metal Jig,10.50,10.50,bassstoreitaly.com,possibile,8.99,,,disponibile,cp_piu_caro,+16.8,https://bassstoreitaly.com/it/molix-jugulo-wide-casting-jig,https://clanpesca.com/prodotto/molix-jugulo-wide-casting-jig-gr-10/
12893,molix,Molix Jugulo Wide Casting Jig Gr 10,Metal Jig,10.50,10.50,megafish.it,possibile,15.05,,,,cp_piu_economico,-30.2,https://www.megafish.it/jig/5872-molix-jugulo-wide-jig.html,https://clanpesca.com/prodotto/molix-jugulo-wide-casting-jig-gr-10/
12893,molix,Molix Jugulo Wide Casting Jig Gr 10,Metal Jig,10.50,10.50,webpesca.it,esatto,8.80,,,esaurito,cp_piu_caro,+19.3,https://www.webpesca.it/shop/artificiale-metal-jig-molix-jugulo-wide-casting-4-5-cm-10-gr-mx-holo/,https://clanpesca.com/prodotto/molix-jugulo-wide-casting-jig-gr-10/
12897,molix,"Molix RT Fork Flex 3""",Siliconici,7.18,7.18,bassstoreitaly.com,possibile,6.99,,,disponibile,cp_piu_caro,+2.7,https://bassstoreitaly.com/it/molix_rt_fork_flex,https://clanpesca.com/prodotto/molix-rt-fork-flex-3/
12897,molix,"Molix RT Fork Flex 3""",Siliconici,7.18,7.18,escaepescashop.it,esatto,7.98,,,disponibile,cp_piu_economico,-10.0,https://escaepescashop.it/prodotto/molix-rt-fork-flex-3/,https://clanpesca.com/prodotto/molix-rt-fork-flex-3/
12897,molix,"Molix RT Fork Flex 3""",Siliconici,7.18,7.18,webpesca.it,probabile,4.86,,,esaurito,cp_piu_caro,+47.7,https://www.webpesca.it/shop/artificiale-stickbait-molix-rt-fork-flex-3-7-5-cm-mixed-color/,https://clanpesca.com/prodotto/molix-rt-fork-flex-3/
12908,molix,"Molix RT Fork Flex 5""",Siliconici,8.98,8.98,bassstoreitaly.com,possibile,6.99,,,disponibile,cp_piu_caro,+28.5,https://bassstoreitaly.com/it/molix_rt_fork_flex,https://clanpesca.com/prodotto/molix-rt-fork-flex-5/
12908,molix,"Molix RT Fork Flex 5""",Siliconici,8.98,8.98,escaepescashop.it,possibile,7.98,,,disponibile,cp_piu_caro,+12.5,https://escaepescashop.it/prodotto/molix-rt-fork-flex-3/,https://clanpesca.com/prodotto/molix-rt-fork-flex-5/
12908,molix,"Molix RT Fork Flex 5""",Siliconici,8.98,8.98,webpesca.it,esatto,6.60,,,esaurito,cp_piu_caro,+36.1,https://www.webpesca.it/shop/artificiale-swimbait-molix-rt-fork-flex-5-12-7-cm-glowing-pink/,https://clanpesca.com/prodotto/molix-rt-fork-flex-5/
12921,molix,Molix Jugulo Wide Casting Jig Gr. 20,Metal Jig,12.95,12.95,bassstoreitaly.com,possibile,8.99,,,disponibile,cp_piu_caro,+44.0,https://bassstoreitaly.com/it/molix-jugulo-wide-casting-jig,https://clanpesca.com/prodotto/molix-jugulo-wide-casting-jig-gr-20/
12921,molix,Molix Jugulo Wide Casting Jig Gr. 20,Metal Jig,12.95,12.95,megafish.it,possibile,15.05,,,,cp_piu_economico,-14.0,https://www.megafish.it/jig/5872-molix-jugulo-wide-jig.html,https://clanpesca.com/prodotto/molix-jugulo-wide-casting-jig-gr-20/
12921,molix,Molix Jugulo Wide Casting Jig Gr. 20,Metal Jig,12.95,12.95,webpesca.it,esatto,11.18,,,esaurito,cp_piu_caro,+15.8,https://www.webpesca.it/shop/artificiale-metal-jig-molix-jugulo-wide-casting-5-5-cm-20-gr-gt/,https://clanpesca.com/prodotto/molix-jugulo-wide-casting-jig-gr-20/
12923,molix,"Molix RT Fork Flex 6""",Shad,10.78,10.78,bassstoreitaly.com,possibile,6.99,,,disponibile,cp_piu_caro,+54.2,https://bassstoreitaly.com/it/molix_rt_fork_flex,https://clanpesca.com/prodotto/molix-rt-fork-flex-6/
12923,molix,"Molix RT Fork Flex 6""",Shad,10.78,10.78,escaepescashop.it,possibile,7.98,,,disponibile,cp_piu_caro,+35.1,https://escaepescashop.it/prodotto/molix-rt-fork-flex-3/,https://clanpesca.com/prodotto/molix-rt-fork-flex-6/
12923,molix,"Molix RT Fork Flex 6""",Shad,10.78,10.78,webpesca.it,esatto,7.19,,,esaurito,cp_piu_caro,+49.9,https://www.webpesca.it/shop/artificiale-swimbait-molix-rt-fork-flex-6-15-2-cm-mixed-pack-1/,https://clanpesca.com/prodotto/molix-rt-fork-flex-6/
12925,molix,Molix Jig Blades,Jig Head,3.60,3.60,bassstoreitaly.com,famiglia,3.25,,,disponibile,cp_piu_caro,+10.8,https://bassstoreitaly.com/it/molix-jig-blades,https://clanpesca.com/prodotto/molix-jig-blades/
12939,molix,"Molix RT Fork Flex 4""",Siliconici,9.45,9.45,bassstoreitaly.com,possibile,6.99,,,disponibile,cp_piu_caro,+35.2,https://bassstoreitaly.com/it/molix_rt_fork_flex,https://clanpesca.com/prodotto/molix-rt-fork-flex-4/
12939,molix,"Molix RT Fork Flex 4""",Siliconici,9.45,9.45,escaepescashop.it,possibile,7.98,,,disponibile,cp_piu_caro,+18.4,https://escaepescashop.it/prodotto/molix-rt-fork-flex-3/,https://clanpesca.com/prodotto/molix-rt-fork-flex-4/
12939,molix,"Molix RT Fork Flex 4""",Siliconici,9.45,9.45,webpesca.it,esatto,5.99,,,esaurito,cp_piu_caro,+57.8,https://www.webpesca.it/shop/artificiale-swimbait-molix-rt-fork-flex-4-10-cm-wakasagi/,https://clanpesca.com/prodotto/molix-rt-fork-flex-4/
12952,molix,Molix Hyper Split Ring,Girelle & Moschettoni,5.90,6.90,bassstoreitaly.com,famiglia,5.49,,,disponibile,cp_piu_caro,+7.5,https://bassstoreitaly.com/it/molix-hyper-split-ring,https://clanpesca.com/prodotto/molix-hyper-split-ring/
12957,molix,Molix Insert Tungsten,Piombi,5.90,11.50,bassstoreitaly.com,famiglia,5.99,,,disponibile,in_fascia,+0.0,https://bassstoreitaly.com/it/molix-tungsten-insert-2,https://clanpesca.com/prodotto/molix-insert-tungsten/
13029,strike-pro,Strike Pro Bandit Tail Cm 15 Gr 83.5,Siluro,26.50,26.50,bassstoreitaly.com,possibile,18.99,,,disponibile,cp_piu_caro,+39.5,https://bassstoreitaly.com/it/strike-pro-bandit-tail,https://clanpesca.com/prodotto/strike-pro-bandit-tail-cm-15-gr-83-5/
13033,strike-pro,Strike Pro Big Bandit Crank Cm 20,Siluro,25.00,25.00,bassstoreitaly.com,possibile,17.09,,,disponibile,cp_piu_caro,+46.3,https://bassstoreitaly.com/it/strike-pro-big-bandit-short-lip-crankbait,https://clanpesca.com/prodotto/strike-pro-bandit-crank/
13051,omtd,OMTD Drop Shot OH1200,Ami da Dropshot,5.18,5.18,bassstoreitaly.com,famiglia,5.49,,,esaurito,cp_piu_economico,-5.6,https://bassstoreitaly.com/it/omtd-drop-shot-hooks-oh-1200,https://clanpesca.com/prodotto/omtd-drop-shot-oh1200/
13072,omtd,OMTD Swimbait Weighted OH1500,Ami da Gomma,8.55,8.98,bassstoreitaly.com,famiglia,6.78,,,disponibile,cp_piu_caro,+26.1,https://bassstoreitaly.com/it/omtd-t-swimbait-weighted-oh1500,https://clanpesca.com/prodotto/omtd-swimbait-weighted-oh1500/
13106,omtd,OMTD Single Lure Hook OH1700,Ami,6.50,6.50,bassstoreitaly.com,famiglia,3.99,,,disponibile,cp_piu_caro,+62.9,https://bassstoreitaly.com/it/omtd-single-lure-hook-oh1700,https://clanpesca.com/prodotto/omtd-single-lure-hook-oh1700/
13291,omtd,Omtd Big Swimbait Bladed Hook,Ami da Gomma,9.00,9.00,bassstoreitaly.com,famiglia,7.79,,,disponibile,cp_piu_caro,+15.5,https://bassstoreitaly.com/it/omtd-big-swimbait-bladed-hook,https://clanpesca.com/prodotto/omtd-big-swimbait-bladed-hook/
13305,omtd,Omtd Big Swimbait Hook,Ami da Gomma,6.30,6.30,bassstoreitaly.com,famiglia,6.59,,,disponibile,cp_piu_economico,-4.4,https://bassstoreitaly.com/it/omtd-big-swimbait-weighted-hook,https://clanpesca.com/prodotto/omtd-big-swimbait-hook/
13333,omtd,OMTD Swimbait Hook OH2700,Ami da Gomma,5.35,5.35,escaepescashop.it,famiglia,5.40,,,disponibile,cp_piu_economico,-0.9,https://escaepescashop.it/prodotto/omtd-oh2700-swimbait-hook/,https://clanpesca.com/prodotto/omtd-swimbait-hook-oh2700/
13366,omtd,OMTD T Trout OJ700,Spinning e Casting,6.90,6.90,bassstoreitaly.com,famiglia,6.40,,,disponibile,cp_piu_caro,+7.8,https://bassstoreitaly.com/it/omtd-t-trout-jighead-oj700,https://clanpesca.com/prodotto/omtd-t-trout-oj700/
13367,omtd,OMTD T Power Finesse OJ200,Jig Head,7.99,7.99,bassstoreitaly.com,famiglia,6.09,,,disponibile,cp_piu_caro,+31.2,https://bassstoreitaly.com/it/omtd-t-power-finesse-jighead-oj200,https://clanpesca.com/prodotto/omtd-t-power-finesse-oj200/
13376,imakatsu,Imakatsu Javallon 140,Soft Swimbait,23.90,23.90,bassstoreitaly.com,possibile,17.99,,,disponibile,cp_piu_caro,+32.9,https://bassstoreitaly.com/it/imakatsu-javallon-neo,https://clanpesca.com/prodotto/imakatsu-javallon-140/
13434,tubertini,Tubertini Enduro Bag,Borse,45.00,49.90,escaepescashop.it,famiglia,42.00,42.00,46.50,esaurito,cp_piu_caro,+7.1,https://escaepescashop.it/prodotto/tubertini-borsa-enduro-bag/,https://clanpesca.com/prodotto/tubertini-enduro-bag/
13437,tubertini,Tubertini Offshore Bag,Borse,40.90,47.50,escaepescashop.it,famiglia,15.00,15.00,19.00,esaurito,cp_piu_caro,+172.7,https://escaepescashop.it/prodotto/tubertini-offshore-t-bag/,https://clanpesca.com/prodotto/tubertini-offshore-bag/
13437,tubertini,Tubertini Offshore Bag,Borse,40.90,47.50,megafish.it,famiglia,28.18,,,,cp_piu_caro,+45.1,https://www.megafish.it/borse-e-zaini/6956-tubertini-astuccio-offshore-h-bag.html,https://clanpesca.com/prodotto/tubertini-offshore-bag/
13442,tubertini,Tubertini Fodero Forlì,Mare,36.60,55.00,escaepescashop.it,famiglia,32.00,,,disponibile,cp_piu_caro,+14.4,https://escaepescashop.it/prodotto/tubertini-fodero-forli-1t/,https://clanpesca.com/prodotto/tubertini-fodero-forli/
13445,tubertini,Tubertini Fodero Cesena,Mare,39.00,41.00,escaepescashop.it,famiglia,35.00,,,disponibile,cp_piu_caro,+11.4,https://escaepescashop.it/prodotto/tubertini-fodero-cesena-150/,https://clanpesca.com/prodotto/tubertini-fodero-cesena/
13492,ivyline,Ivyline Acti Mini Gr 1,Spoon,6.60,6.60,bassstoreitaly.com,possibile,6.59,,,disponibile,cp_piu_caro,+0.2,https://bassstoreitaly.com/it/ivyline-acti-mini-dimple,https://clanpesca.com/prodotto/ivyline-acti-mini-gr-1/
13601,owner,Owner Split Ring Hyper Wire 5196,Girelle & Moschettoni,6.90,6.90,bassstoreitaly.com,possibile,5.18,,,disponibile,cp_piu_caro,+33.2,https://bassstoreitaly.com/it/owner-hyper-wire-split-rings-stainless,https://clanpesca.com/prodotto/owner-split-ring-hyper-wire-5196/
13611,owner,Owner Ancorette ST 36 BC 5636,Ancorette,13.95,13.95,bassstoreitaly.com,possibile,6.99,,,disponibile,cp_piu_caro,+99.6,https://bassstoreitaly.com/it/ancorette-owner-stinger-treble-st-36-bc,https://clanpesca.com/prodotto/owner-ancorette-st-36-bc-5636/
13619,owner,Owner Ancorette ST 41 BC 5641,Ancorette,14.90,14.90,bassstoreitaly.com,possibile,6.99,,,disponibile,cp_piu_caro,+113.2,https://bassstoreitaly.com/it/ancorette-owner-stinger-treble-st-36-bc,https://clanpesca.com/prodotto/owner-ancorette-st-41-bc-5641/
13667,heron,Heron Round Jig Head,Jig Head,4.50,4.50,bassstoreitaly.com,famiglia,4.19,,,disponibile,cp_piu_caro,+7.4,https://bassstoreitaly.com/it/heron-round-jig-head,https://clanpesca.com/prodotto/heron-round-jig-head/
13727,omtd,OMTD Ned Rig Jig Head OJ1900,Jig Head,7.20,7.20,bassstoreitaly.com,famiglia,6.33,,,disponibile,cp_piu_caro,+13.7,https://bassstoreitaly.com/it/omtd-oj1900-ned-rig-jig-head,https://clanpesca.com/prodotto/omtd-ned-rig-jig-head-oj1900/
13860,tubertini,Tubertini Express Feeder,Ledgering - Feeder - Inglese,69.00,79.00,escaepescashop.it,famiglia,58.00,58.00,69.00,disponibile,cp_piu_caro,+19.0,https://escaepescashop.it/prodotto/tubertini-express-feeder/,https://clanpesca.com/prodotto/tubertini-express-feeder-ft-11-gr-60-2/
13860,tubertini,Tubertini Express Feeder,Ledgering - Feeder - Inglese,69.00,79.00,webpesca.it,famiglia,54.94,,,esaurito,cp_piu_caro,+25.6,https://www.webpesca.it/shop/canna-feeder-tubertini-express-feeder-2-70-mt-40-gr/,https://clanpesca.com/prodotto/tubertini-express-feeder-ft-11-gr-60-2/
13872,rapture,Rapture Get On Lure Case Bag,Borse,5.00,5.00,escaepescashop.it,famiglia,7.90,,,disponibile,cp_piu_economico,-36.7,https://escaepescashop.it/prodotto/rapture-get-on-lure-case-bag/,https://clanpesca.com/prodotto/rapture-get-on-lure-case-bag/
13877,tubertini,Tubertini Borsa Titan,Borse,69.00,69.00,escaepescashop.it,famiglia,62.00,,,esaurito,cp_piu_caro,+11.3,https://escaepescashop.it/prodotto/tubertini-borsa-titan/,https://clanpesca.com/prodotto/tubertini-borsa-titan/
13886,tubertini,Tubertini Level Chrome,Bolognese,155.00,199.00,escaepescashop.it,famiglia,105.00,105.00,175.00,disponibile,cp_piu_caro,+47.6,https://escaepescashop.it/prodotto/bolognese-tubertini-level-chrome/,https://clanpesca.com/prodotto/tubertini-level-chrome/
13886,tubertini,Tubertini Level Chrome,Bolognese,155.00,199.00,pescamia.eu,famiglia,104.00,,,disponibile,cp_piu_caro,+49.0,https://www.pescamia.eu/product-page/tubertini-level-chrome-canna-bolognese,https://clanpesca.com/prodotto/tubertini-level-chrome/
13919,molix,Molix Waterproof Elite,Borse,13.98,26.50,bassstoreitaly.com,famiglia,27.99,,,disponibile,cp_piu_economico,-5.3,https://bassstoreitaly.com/it/molix-waterproof-elite-series,https://clanpesca.com/prodotto/molix-waterproof-elite/
13919,molix,Molix Waterproof Elite,Borse,13.98,26.50,megafish.it,famiglia,20.10,,,,in_fascia,+0.0,https://www.megafish.it/valigette-e-contenitori/5871-molix-elite-waterproof-scatola-porta-accessori.html,https://clanpesca.com/prodotto/molix-waterproof-elite/
13943,trabucco,Trabucco Trecciato Dyna TEX SLK X8 150 MT,Fili Trecciati,29.90,29.90,escaepescashop.it,possibile,26.00,,,disponibile,cp_piu_caro,+15.0,https://escaepescashop.it/prodotto/trabucco-dyna-tex-slk-x8-special-egi/,https://clanpesca.com/prodotto/trabucco-trecciato-dyna-tex-slk-x8-150-mt/
14043,molix,"Molix Ra Twin 4"" Bulk",Grub,1.15,1.15,bassstoreitaly.com,possibile,1.20,,,disponibile,cp_piu_economico,-4.2,https://bassstoreitaly.com/it/molix-ra-twin-bulk,https://clanpesca.com/prodotto/molix-ra-twin-4-bulk/
14095,molix,"Molix Ra Grub 6""",Luccio,8.98,8.98,bassstoreitaly.com,esatto,7.99,,,disponibile,cp_piu_caro,+12.4,https://bassstoreitaly.com/it/molix-ra-grub-6,https://clanpesca.com/prodotto/molix-ra-grub-6/
14119,elitelure,Elite Lure Shadow Leopard V5,Lipless,13.99,13.99,bassstoreitaly.com,famiglia,8.99,,,disponibile,cp_piu_caro,+55.6,https://bassstoreitaly.com/it/elitelure-v5-shadow-leopard,https://clanpesca.com/prodotto/elite-lure-shadow-leopard-v5/
14132,molix,Molix Trago 65 Spyblade,Lipless,17.10,17.10,bassstoreitaly.com,esatto,15.39,,,disponibile,cp_piu_caro,+11.1,https://bassstoreitaly.com/it/molix-trago-65-spyblade,https://clanpesca.com/prodotto/molix-trago-65-spyblade/
14192,molix,Molix Fluorocarbon 70 MT,Fili Fluorocarbon,13.00,20.80,bassstoreitaly.com,possibile,12.99,,,esaurito,cp_piu_caro,+0.1,https://bassstoreitaly.com/it/molix-fluorocarbon,https://clanpesca.com/prodotto/molix-fluorocarbon-70-mt/
14192,molix,Molix Fluorocarbon 70 MT,Fili Fluorocarbon,13.00,20.80,escaepescashop.it,possibile,10.80,10.80,16.20,disponibile,cp_piu_caro,+20.4,https://escaepescashop.it/prodotto/molix-fluorocarbon/,https://clanpesca.com/prodotto/molix-fluorocarbon-70-mt/
14206,panther-martin,Panther Martin Ardito Spoon Gr 3,Trout Area,6.69,6.69,bassstoreitaly.com,possibile,6.69,,,disponibile,in_fascia,+0.0,https://bassstoreitaly.com/it/panther-martin-ardito-spoon-2,https://clanpesca.com/prodotto/panther-martin-ardito-spoon/
14264,molix,Molix Rod Case,Foderi Portacanne,23.85,36.00,bassstoreitaly.com,famiglia,23.80,,,esaurito,cp_piu_caro,+0.2,https://bassstoreitaly.com/it/molix-rod-case,https://clanpesca.com/prodotto/molix-rod-case/
14367,tubertini,Mulinello Tubertini Hylas FD,Frizione anteriore,189.00,199.00,pescapromo.it,famiglia,146.95,,,disponibile,cp_piu_caro,+28.6,https://pescapromo.it/t/mulinelli/mulinelli-da-spinning-tubertini-ryobi-hylas-fd,https://clanpesca.com/prodotto/tubertini-hylas-fd/
14463,tubertini,Tubertini Vertigo Black,Frizione anteriore,110.00,122.00,pescamia.eu,famiglia,119.00,,,disponibile,in_fascia,+0.0,https://www.pescamia.eu/product-page/tubertini-mulinello-vertigo-black,https://clanpesca.com/prodotto/tubertini-vertigo-black/
14557,owner,Owner 5121 Welded Quick Snap,Girelle & Moschettoni,7.50,7.50,bassstoreitaly.com,possibile,5.99,,,disponibile,cp_piu_caro,+25.2,https://bassstoreitaly.com/it/owner-hyper-welded-quick-snap,https://clanpesca.com/prodotto/owner-5121-welded-quick-snap/
14560,owner,Owner 5122 Jig Rig W-Lead Sinker,Jig Head,5.89,5.89,bassstoreitaly.com,possibile,4.59,,,disponibile,cp_piu_caro,+28.3,https://bassstoreitaly.com/it/owner-jig-rig-lead-sinker,https://clanpesca.com/prodotto/owner-5122-jig-rig-w-lead-sinker/
14573,owner,Owner 5140 J-Hook,Ami da Gomma,5.89,5.89,bassstoreitaly.com,possibile,2.54,,,disponibile,cp_piu_caro,+131.9,https://bassstoreitaly.com/it/owner-s-59-single-hook,https://clanpesca.com/prodotto/owner-5140-j-hook/
14573,owner,Owner 5140 J-Hook,Ami da Gomma,5.89,5.89,pescapromo.it,possibile,4.76,,,esaurito,cp_piu_caro,+23.7,https://pescapromo.it/t/ami-per-pesca-in-mare/owner-5114-circle-hooks,https://clanpesca.com/prodotto/owner-5140-j-hook/
14600,owner,Owner 5155 Lead Sinker,Piombi,3.95,3.95,bassstoreitaly.com,possibile,4.59,,,disponibile,cp_piu_economico,-13.9,https://bassstoreitaly.com/it/owner-jig-rig-lead-sinker,https://clanpesca.com/prodotto/owner-5155-lead-sinker/
14633,owner,Owner 51725 SBL-47,Ami senza Ardiglione,2.95,2.95,bassstoreitaly.com,possibile,2.95,,,disponibile,in_fascia,+0.0,https://bassstoreitaly.com/it/owner-sbl-67-hook,https://clanpesca.com/prodotto/owner-51725-sbl-47/
14672,tubertini,Tubertini Bos Fluorocarbon 50 MT,Fili Fluorocarbon,7.90,13.50,pescamia.eu,esatto,8.90,,,disponibile,in_fascia,+0.0,https://www.pescamia.eu/product-page/tubertini-bos-fluorocarbon-bobina-50-mt,https://clanpesca.com/prodotto/tubertini-bos-fluorocarbon-50-mt/
14702,tubertini,Tubertini Testa di Guadino Impact,Nasse & Guadini,25.00,28.95,escaepescashop.it,famiglia,21.00,21.00,27.00,disponibile,cp_piu_caro,+19.0,https://escaepescashop.it/prodotto/tubertini-testa-guadino-impact/,https://clanpesca.com/prodotto/tubertini-testa-di-guadino-impact/
14827,molix,Molix Jugulo Wide Casting Jig Gr 60,Metal Jig,15.90,15.90,bassstoreitaly.com,possibile,8.99,,,disponibile,cp_piu_caro,+76.9,https://bassstoreitaly.com/it/molix-jugulo-wide-casting-jig,https://clanpesca.com/prodotto/molix-jugulo-wide-casting-jig-gr-60/
14827,molix,Molix Jugulo Wide Casting Jig Gr 60,Metal Jig,15.90,15.90,megafish.it,possibile,15.05,,,,cp_piu_caro,+5.6,https://www.megafish.it/jig/5872-molix-jugulo-wide-jig.html,https://clanpesca.com/prodotto/molix-jugulo-wide-casting-jig-gr-60/
14827,molix,Molix Jugulo Wide Casting Jig Gr 60,Metal Jig,15.90,15.90,webpesca.it,esatto,11.92,,,esaurito,cp_piu_caro,+33.4,https://www.webpesca.it/shop/artificiale-metal-jig-molix-jugulo-wide-casting-8-cm-60-gr-latterino/,https://clanpesca.com/prodotto/molix-jugulo-wide-casting-jig-gr-60/
14838,molix,Molix Sculpo DR Rattlin,Crankbait,11.35,11.35,bassstoreitaly.com,famiglia,11.10,,,disponibile,cp_piu_caro,+2.3,https://bassstoreitaly.com/it/molix-sculpo-crank-dr-rattlin-,https://clanpesca.com/prodotto/molix-sculpo-dr-rattlin/
14838,molix,Molix Sculpo DR Rattlin,Crankbait,11.35,11.35,pescapromo.it,famiglia,13.25,,,disponibile,cp_piu_economico,-14.3,https://pescapromo.it/t/esche-artificiali-minnow/molix-sculpo-dr-rattlin-crankbait-55cm-14g,https://clanpesca.com/prodotto/molix-sculpo-dr-rattlin/
14838,molix,Molix Sculpo DR Rattlin,Crankbait,11.35,11.35,webpesca.it,famiglia,11.18,,,esaurito,cp_piu_caro,+1.5,https://www.webpesca.it/shop/artificiale-crankbait-molix-sculpo-dr-rattlin-5-5-cm-14-gr-tennessee-shad/,https://clanpesca.com/prodotto/molix-sculpo-dr-rattlin/
14850,molix,Molix Sculpo XD Rattlin,Crankbait,13.21,13.21,bassstoreitaly.com,famiglia,12.99,,,esaurito,cp_piu_caro,+1.7,https://bassstoreitaly.com/it/molix-sculpo-crank-xd-rattlin,https://clanpesca.com/prodotto/molix-sculpo-xd-rattlin/
14855,molix,Molix SV Craw,Creature & Craw,8.10,8.10,bassstoreitaly.com,famiglia,6.99,,,disponibile,cp_piu_caro,+15.9,https://bassstoreitaly.com/it/molix-sv-craw,https://clanpesca.com/prodotto/molix-sv-craw/
14873,molix,"Molix Creature 4""",Creature & Craw,8.90,8.90,bassstoreitaly.com,possibile,8.35,,,disponibile,cp_piu_caro,+6.6,https://bassstoreitaly.com/it/molix-creature,https://clanpesca.com/prodotto/molix-creature-4/
14873,molix,"Molix Creature 4""",Creature & Craw,8.90,8.90,pescapromo.it,probabile,3.49,,,esaurito,cp_piu_caro,+155.0,https://pescapromo.it/t/creature-baits/molix-sc-bug-4-5-pezzi,https://clanpesca.com/prodotto/molix-creature-4/
14889,molix,"Molix SWD Swimming Dragonfly 5""",Creature & Craw,7.70,7.70,bassstoreitaly.com,possibile,7.59,,,disponibile,cp_piu_caro,+1.4,https://bassstoreitaly.com/it/molix-swd-swimming-dragonfly,https://clanpesca.com/prodotto/molix-swd-swimming-dragonfly-5/
14898,molix,Molix SC Bug,Creature & Craw,7.20,7.20,bassstoreitaly.com,famiglia,8.09,,,disponibile,cp_piu_economico,-11.0,https://bassstoreitaly.com/it/molix-sc-bug,https://clanpesca.com/prodotto/molix-sc-bug/
14898,molix,Molix SC Bug,Creature & Craw,7.20,7.20,pescapromo.it,famiglia,3.49,,,esaurito,cp_piu_caro,+106.3,https://pescapromo.it/t/creature-baits/molix-sc-bug-4-5-pezzi,https://clanpesca.com/prodotto/molix-sc-bug/
14913,molix,Molix Outset Casting Series,Monopezzo,152.98,152.98,bassstoreitaly.com,famiglia,113.50,,,disponibile,cp_piu_caro,+34.8,https://bassstoreitaly.com/it/molix-outset-series-casting,https://clanpesca.com/prodotto/molix-outset-casting-series/
14925,molix,Molix Fioretto Speciale,Monopezzo,359.50,499.90,bassstoreitaly.com,famiglia,463.99,,,disponibile,in_fascia,+0.0,https://bassstoreitaly.com/it/molix-fioretto-speciale-jackfin-top-water-spinning,https://clanpesca.com/prodotto/molix-fioretto-speciale/
14938,molix,"Molix Ra Shad 2""",Siliconici,6.70,6.70,bassstoreitaly.com,possibile,6.79,,,disponibile,cp_piu_economico,-1.3,https://bassstoreitaly.com/it/molix-ra-shad,https://clanpesca.com/prodotto/molix-ra-shad-2/
14938,molix,"Molix Ra Shad 2""",Siliconici,6.70,6.70,escaepescashop.it,esatto,6.95,,,disponibile,cp_piu_economico,-3.6,https://escaepescashop.it/prodotto/molix-ra-shad-2/,https://clanpesca.com/prodotto/molix-ra-shad-2/
14938,molix,"Molix Ra Shad 2""",Siliconici,6.70,6.70,webpesca.it,probabile,5.93,,,esaurito,cp_piu_caro,+13.0,https://www.webpesca.it/shop/artificiale-shad-molix-ra-shad-2-5-cm-citrus/,https://clanpesca.com/prodotto/molix-ra-shad-2/
14952,molix,"Molix Ra Shad 2.5""",Siliconici,7.10,7.10,bassstoreitaly.com,possibile,6.79,,,disponibile,cp_piu_caro,+4.6,https://bassstoreitaly.com/it/molix-ra-shad,https://clanpesca.com/prodotto/molix-ra-shad-2-5/
14952,molix,"Molix Ra Shad 2.5""",Siliconici,7.10,7.10,escaepescashop.it,esatto,7.50,,,disponibile,cp_piu_economico,-5.3,https://escaepescashop.it/prodotto/molix-ra-shad-25/,https://clanpesca.com/prodotto/molix-ra-shad-2-5/
14952,molix,"Molix Ra Shad 2.5""",Siliconici,7.10,7.10,webpesca.it,esatto,5.93,,,esaurito,cp_piu_caro,+19.7,https://www.webpesca.it/shop/artificiale-shad-molix-ra-shad-2-5-cm-citrus/,https://clanpesca.com/prodotto/molix-ra-shad-2-5/
14966,molix,"Molix Ra Shad 3""",Siliconici,7.30,7.30,bassstoreitaly.com,possibile,6.79,,,disponibile,cp_piu_caro,+7.5,https://bassstoreitaly.com/it/molix-ra-shad,https://clanpesca.com/prodotto/molix-ra-shad-3/
14966,molix,"Molix Ra Shad 3""",Siliconici,7.30,7.30,escaepescashop.it,esatto,7.90,,,disponibile,cp_piu_economico,-7.6,https://escaepescashop.it/prodotto/molix-ra-shad-3/,https://clanpesca.com/prodotto/molix-ra-shad-3/
14966,molix,"Molix Ra Shad 3""",Siliconici,7.30,7.30,webpesca.it,esatto,6.00,,,esaurito,cp_piu_caro,+21.7,https://www.webpesca.it/shop/artificiale-shad-molix-ra-shad-2-5-cm-mixed-pack-3/,https://clanpesca.com/prodotto/molix-ra-shad-3/
14972,molix,"Molix Ra Shad 3.5""",Siliconici,7.30,7.30,bassstoreitaly.com,possibile,6.79,,,disponibile,cp_piu_caro,+7.5,https://bassstoreitaly.com/it/molix-ra-shad,https://clanpesca.com/prodotto/molix-ra-shad-3-5/
14972,molix,"Molix Ra Shad 3.5""",Siliconici,7.30,7.30,escaepescashop.it,possibile,6.95,,,disponibile,cp_piu_caro,+5.0,https://escaepescashop.it/prodotto/molix-ra-shad-2/,https://clanpesca.com/prodotto/molix-ra-shad-3-5/
14972,molix,"Molix Ra Shad 3.5""",Siliconici,7.30,7.30,webpesca.it,esatto,6.39,,,esaurito,cp_piu_caro,+14.2,https://www.webpesca.it/shop/artificiale-shad-molix-ra-shad-2-5-6-35-cm-citrus/,https://clanpesca.com/prodotto/molix-ra-shad-3-5/
14984,molix,"Molix Ra Shad 3.8""",Siliconici,8.50,8.50,bassstoreitaly.com,possibile,6.79,,,disponibile,cp_piu_caro,+25.2,https://bassstoreitaly.com/it/molix-ra-shad,https://clanpesca.com/prodotto/molix-ra-shad-3-8/
14984,molix,"Molix Ra Shad 3.8""",Siliconici,8.50,8.50,escaepescashop.it,esatto,8.10,,,disponibile,cp_piu_caro,+4.9,https://escaepescashop.it/prodotto/molix-ra-shad-38/,https://clanpesca.com/prodotto/molix-ra-shad-3-8/
14984,molix,"Molix Ra Shad 3.8""",Siliconici,8.50,8.50,webpesca.it,esatto,7.12,,,esaurito,cp_piu_caro,+19.4,https://www.webpesca.it/shop/artificiale-shad-molix-ra-shad-3-8-9-65-cm-black/,https://clanpesca.com/prodotto/molix-ra-shad-3-8/
15047,molix,"Molix Ra Shad 3"" Fat",Siliconici,8.10,8.10,bassstoreitaly.com,possibile,7.69,,,disponibile,cp_piu_caro,+5.3,https://bassstoreitaly.com/it/molix-ra-shad-fat,https://clanpesca.com/prodotto/molix-ra-shad-3-fat/
15053,molix,"Molix Ra Shad 4.5""",Siliconici,8.98,8.98,bassstoreitaly.com,possibile,6.79,,,disponibile,cp_piu_caro,+32.3,https://bassstoreitaly.com/it/molix-ra-shad,https://clanpesca.com/prodotto/molix-ra-shad-4-5/
15053,molix,"Molix Ra Shad 4.5""",Siliconici,8.98,8.98,escaepescashop.it,possibile,6.95,,,disponibile,cp_piu_caro,+29.2,https://escaepescashop.it/prodotto/molix-ra-shad-2/,https://clanpesca.com/prodotto/molix-ra-shad-4-5/
15053,molix,"Molix Ra Shad 4.5""",Siliconici,8.98,8.98,webpesca.it,esatto,7.92,,,esaurito,cp_piu_caro,+13.4,https://www.webpesca.it/shop/artificiale-shad-molix-ra-shad-4-5-11-45-cm-white/,https://clanpesca.com/prodotto/molix-ra-shad-4-5/
15093,molix,"Molix RT Shad 3.5""",Siliconici,9.50,9.50,bassstoreitaly.com,possibile,8.44,,,disponibile,cp_piu_caro,+12.6,https://bassstoreitaly.com/it/molix-rt-shad,https://clanpesca.com/prodotto/molix-rt-shad-3-5/
15093,molix,"Molix RT Shad 3.5""",Siliconici,9.50,9.50,escaepescashop.it,possibile,10.90,,,disponibile,cp_piu_economico,-12.8,https://escaepescashop.it/prodotto/molix-rt-shad/,https://clanpesca.com/prodotto/molix-rt-shad-3-5/
15093,molix,"Molix RT Shad 3.5""",Siliconici,9.50,9.50,pescapromo.it,possibile,9.95,,,esaurito,cp_piu_economico,-4.5,https://pescapromo.it/t/shads/molix-rt-flip-tail-shad-9-65cm-21g,https://clanpesca.com/prodotto/molix-rt-shad-3-5/
15093,molix,"Molix RT Shad 3.5""",Siliconici,9.50,9.50,webpesca.it,esatto,9.20,,,esaurito,cp_piu_caro,+3.3,https://www.webpesca.it/shop/artificiale-shad-molix-rt-shad-3-5-9-cm-vairone/,https://clanpesca.com/prodotto/molix-rt-shad-3-5/
15097,molix,"Molix RT Shad 4.5""",Siliconici,9.50,9.50,bassstoreitaly.com,possibile,8.44,,,disponibile,cp_piu_caro,+12.6,https://bassstoreitaly.com/it/molix-rt-shad,https://clanpesca.com/prodotto/molix-rt-shad-4-5/
15097,molix,"Molix RT Shad 4.5""",Siliconici,9.50,9.50,escaepescashop.it,possibile,10.90,,,disponibile,cp_piu_economico,-12.8,https://escaepescashop.it/prodotto/molix-rt-shad/,https://clanpesca.com/prodotto/molix-rt-shad-4-5/
15097,molix,"Molix RT Shad 4.5""",Siliconici,9.50,9.50,pescapromo.it,possibile,9.95,,,esaurito,cp_piu_economico,-4.5,https://pescapromo.it/t/shads/molix-rt-flip-tail-shad-9-65cm-21g,https://clanpesca.com/prodotto/molix-rt-shad-4-5/
15097,molix,"Molix RT Shad 4.5""",Siliconici,9.50,9.50,webpesca.it,esatto,9.20,,,esaurito,cp_piu_caro,+3.3,https://www.webpesca.it/shop/artificiale-shad-molix-rt-shad-4-5-11-4-cm-olive/,https://clanpesca.com/prodotto/molix-rt-shad-4-5/
15106,molix,"Molix RT Shad 5.5""",Siliconici,2.95,3.80,bassstoreitaly.com,possibile,1.85,,,disponibile,cp_piu_caro,+59.5,https://bassstoreitaly.com/it/molix-rt-shad-bulk,https://clanpesca.com/prodotto/molix-rt-shad-5-5/
15106,molix,"Molix RT Shad 5.5""",Siliconici,2.95,3.80,escaepescashop.it,possibile,10.90,,,disponibile,cp_piu_economico,-65.1,https://escaepescashop.it/prodotto/molix-rt-shad/,https://clanpesca.com/prodotto/molix-rt-shad-5-5/
15106,molix,"Molix RT Shad 5.5""",Siliconici,2.95,3.80,pescapromo.it,possibile,9.95,,,esaurito,cp_piu_economico,-61.8,https://pescapromo.it/t/shads/molix-rt-flip-tail-shad-9-65cm-21g,https://clanpesca.com/prodotto/molix-rt-shad-5-5/
15106,molix,"Molix RT Shad 5.5""",Siliconici,2.95,3.80,webpesca.it,possibile,6.68,,,esaurito,cp_piu_economico,-43.1,https://www.webpesca.it/shop/artificiale-shad-molix-rt-shad-7-18-cm-rudd/,https://clanpesca.com/prodotto/molix-rt-shad-5-5/
15113,molix,Molix Jugulo Casting Jig Gr. 20,Metal Jig,12.50,12.50,bassstoreitaly.com,possibile,8.99,,,disponibile,cp_piu_caro,+39.0,https://bassstoreitaly.com/it/molix-jugulo-wide-casting-jig,https://clanpesca.com/prodotto/molix-jugulo-casting-jig-gr-20/
15113,molix,Molix Jugulo Casting Jig Gr. 20,Metal Jig,12.50,12.50,escaepescashop.it,possibile,8.28,8.28,10.26,disponibile,cp_piu_caro,+51.0,https://escaepescashop.it/prodotto/molix-jugulo-casting-jig/,https://clanpesca.com/prodotto/molix-jugulo-casting-jig-gr-20/
15113,molix,Molix Jugulo Casting Jig Gr. 20,Metal Jig,12.50,12.50,megafish.it,possibile,15.05,,,,cp_piu_economico,-16.9,https://www.megafish.it/jig/5872-molix-jugulo-wide-jig.html,https://clanpesca.com/prodotto/molix-jugulo-casting-jig-gr-20/
15113,molix,Molix Jugulo Casting Jig Gr. 20,Metal Jig,12.50,12.50,webpesca.it,esatto,10.32,,,esaurito,cp_piu_caro,+21.1,https://www.webpesca.it/shop/artificiale-metal-jig-molix-jugulo-plus-casting-7-cm-20-gr-mx-holo/,https://clanpesca.com/prodotto/molix-jugulo-casting-jig-gr-20/
15128,molix,Molix Shad 100,Soft Shad,9.40,9.40,bassstoreitaly.com,possibile,6.79,,,disponibile,cp_piu_caro,+38.4,https://bassstoreitaly.com/it/molix-ra-shad,https://clanpesca.com/prodotto/molix-shad-100/
15128,molix,Molix Shad 100,Soft Shad,9.40,9.40,escaepescashop.it,possibile,6.95,,,disponibile,cp_piu_caro,+35.3,https://escaepescashop.it/prodotto/molix-ra-shad-2/,https://clanpesca.com/prodotto/molix-shad-100/
15128,molix,Molix Shad 100,Soft Shad,9.40,9.40,pescapromo.it,esatto,11.35,,,disponibile,cp_piu_economico,-17.2,https://pescapromo.it/t/shads/molix-shad-100-live-10cm-245g,https://clanpesca.com/prodotto/molix-shad-100/
15128,molix,Molix Shad 100,Soft Shad,9.40,9.40,webpesca.it,possibile,5.93,,,esaurito,cp_piu_caro,+58.5,https://www.webpesca.it/shop/artificiale-shad-molix-ra-shad-2-5-cm-citrus/,https://clanpesca.com/prodotto/molix-shad-100/
15130,molix,Molix Shad 120,Shad,12.30,12.30,bassstoreitaly.com,possibile,6.79,,,disponibile,cp_piu_caro,+81.1,https://bassstoreitaly.com/it/molix-ra-shad,https://clanpesca.com/prodotto/molix-shad-120/
15130,molix,Molix Shad 120,Shad,12.30,12.30,escaepescashop.it,possibile,6.95,,,disponibile,cp_piu_caro,+77.0,https://escaepescashop.it/prodotto/molix-ra-shad-2/,https://clanpesca.com/prodotto/molix-shad-120/
15130,molix,Molix Shad 120,Shad,12.30,12.30,pescapromo.it,esatto,11.35,,,esaurito,cp_piu_caro,+8.4,https://pescapromo.it/t/shads/molix-shad-120-swimbait-12cm-35g,https://clanpesca.com/prodotto/molix-shad-120/
15130,molix,Molix Shad 120,Shad,12.30,12.30,webpesca.it,possibile,5.93,,,esaurito,cp_piu_caro,+107.4,https://www.webpesca.it/shop/artificiale-shad-molix-ra-shad-2-5-cm-citrus/,https://clanpesca.com/prodotto/molix-shad-120/
15162,omtd,OMTD Swimming WT OJ1800,Jig Head,7.50,7.50,bassstoreitaly.com,famiglia,7.65,,,esaurito,cp_piu_economico,-2.0,https://bassstoreitaly.com/it/omtd-oj-1800-swimming-wt,https://clanpesca.com/prodotto/omtd-swimming-wt-oj1800/
15177,molix,Molix Trout Spoon Gr 1.5,Spoon,6.98,6.98,bassstoreitaly.com,possibile,5.99,,,disponibile,cp_piu_caro,+16.5,https://bassstoreitaly.com/it/ondulanti-molix-elite-trout-area-spoon,https://clanpesca.com/prodotto/molix-trout-spoon-gr-1-5/
15181,molix,Molix Trout Spoon Gr 2.5,Spoon,6.98,6.98,bassstoreitaly.com,possibile,5.99,,,disponibile,cp_piu_caro,+16.5,https://bassstoreitaly.com/it/ondulanti-molix-elite-trout-area-spoon,https://clanpesca.com/prodotto/molix-trout-spoon-gr-2-5/
15189,molix,Molix Trout Spoon Gr 3.5,Spoon,7.35,7.35,bassstoreitaly.com,possibile,5.99,,,disponibile,cp_piu_caro,+22.7,https://bassstoreitaly.com/it/ondulanti-molix-elite-trout-area-spoon,https://clanpesca.com/prodotto/molix-trout-spoon-gr-3-5/
15212,carson,Carson Dark Matter PJDM-970,Spinning,65.00,75.00,bassstoreitaly.com,esatto,58.29,,,disponibile,cp_piu_caro,+11.5,https://bassstoreitaly.com/it/carson-dark-matter-pjdm-970-spinning-rods,https://clanpesca.com/prodotto/carson-dark-matter-pjdm-970/
15292,tubertini,Tubertini Noway Mt 50,Fili Nylon,7.40,7.40,megafish.it,esatto,7.58,,,,cp_piu_economico,-2.4,https://www.megafish.it/nylon-da-pesca/6948-tubertini-noway-50-mt.html,https://clanpesca.com/prodotto/tubertini-noway-mt-50/
15323,tubertini,Tubertini Raion Mt 150,Fili Nylon,10.90,11.50,pescamia.eu,possibile,35.00,,,disponibile,cp_piu_economico,-67.1,https://www.pescamia.eu/product-page/tubertini-raion,https://clanpesca.com/prodotto/tubertini-raion-mt-150/
15339,tubertini,Tubertini Tatanka Evo Mt 150,Fili Nylon,11.50,14.50,pescamia.eu,possibile,41.50,,,disponibile,cp_piu_economico,-65.1,https://www.pescamia.eu/product-page/tubertini-monofilo-tatanka-evo-silver-1000-m-diametro-0-20,https://clanpesca.com/prodotto/tubertini-tatanka-evo-mt-150/
15356,lucky-craft,Lucky Craft LC 2.5 Shallow Crank,Crankbait,16.99,16.99,bassstoreitaly.com,esatto,19.99,,,disponibile,cp_piu_economico,-15.0,https://bassstoreitaly.com/it/lucky-craft-lc-25-shallow-crank,https://clanpesca.com/prodotto/lucky-craft-lc-2-5-shallow-crank/
15424,molix,Molix Jugulo Casting Jig Gr. 15,Metal Jig,11.50,11.50,bassstoreitaly.com,possibile,8.99,,,disponibile,cp_piu_caro,+27.9,https://bassstoreitaly.com/it/molix-jugulo-wide-casting-jig,https://clanpesca.com/prodotto/molix-jugulo-casting-jig-gr-15/
15424,molix,Molix Jugulo Casting Jig Gr. 15,Metal Jig,11.50,11.50,escaepescashop.it,possibile,8.28,8.28,10.26,disponibile,cp_piu_caro,+38.9,https://escaepescashop.it/prodotto/molix-jugulo-casting-jig/,https://clanpesca.com/prodotto/molix-jugulo-casting-jig-gr-15/
15424,molix,Molix Jugulo Casting Jig Gr. 15,Metal Jig,11.50,11.50,megafish.it,possibile,15.05,,,,cp_piu_economico,-23.6,https://www.megafish.it/jig/5872-molix-jugulo-wide-jig.html,https://clanpesca.com/prodotto/molix-jugulo-casting-jig-gr-15/
15424,molix,Molix Jugulo Casting Jig Gr. 15,Metal Jig,11.50,11.50,webpesca.it,esatto,7.79,,,esaurito,cp_piu_caro,+47.6,https://www.webpesca.it/shop/artificiale-shad-molix-jugulo-jig-head-15-gr-sarda/,https://clanpesca.com/prodotto/molix-jugulo-casting-jig-gr-15/
15431,molix,Molix Jugulo Casting Jig Gr. 25,Metal Jig,12.90,12.90,bassstoreitaly.com,possibile,8.99,,,disponibile,cp_piu_caro,+43.5,https://bassstoreitaly.com/it/molix-jugulo-wide-casting-jig,https://clanpesca.com/prodotto/molix-jugulo-casting-jig-gr-25/
15431,molix,Molix Jugulo Casting Jig Gr. 25,Metal Jig,12.90,12.90,escaepescashop.it,possibile,8.28,8.28,10.26,disponibile,cp_piu_caro,+55.8,https://escaepescashop.it/prodotto/molix-jugulo-casting-jig/,https://clanpesca.com/prodotto/molix-jugulo-casting-jig-gr-25/
15431,molix,Molix Jugulo Casting Jig Gr. 25,Metal Jig,12.90,12.90,megafish.it,possibile,15.05,,,,cp_piu_economico,-14.3,https://www.megafish.it/jig/5872-molix-jugulo-wide-jig.html,https://clanpesca.com/prodotto/molix-jugulo-casting-jig-gr-25/
15431,molix,Molix Jugulo Casting Jig Gr. 25,Metal Jig,12.90,12.90,webpesca.it,esatto,8.34,,,esaurito,cp_piu_caro,+54.7,https://www.webpesca.it/shop/artificiale-shad-molix-jugulo-jig-head-25-gr-pink-sarda/,https://clanpesca.com/prodotto/molix-jugulo-casting-jig-gr-25/
15434,molix,Molix Jugulo Casting Jig Gr. 30,Metal Jig,13.30,13.30,bassstoreitaly.com,possibile,8.99,,,disponibile,cp_piu_caro,+47.9,https://bassstoreitaly.com/it/molix-jugulo-wide-casting-jig,https://clanpesca.com/prodotto/molix-jugulo-casting-jig-gr-30/
15434,molix,Molix Jugulo Casting Jig Gr. 30,Metal Jig,13.30,13.30,escaepescashop.it,possibile,8.28,8.28,10.26,disponibile,cp_piu_caro,+60.6,https://escaepescashop.it/prodotto/molix-jugulo-casting-jig/,https://clanpesca.com/prodotto/molix-jugulo-casting-jig-gr-30/
15434,molix,Molix Jugulo Casting Jig Gr. 30,Metal Jig,13.30,13.30,megafish.it,possibile,15.05,,,,cp_piu_economico,-11.6,https://www.megafish.it/jig/5872-molix-jugulo-wide-jig.html,https://clanpesca.com/prodotto/molix-jugulo-casting-jig-gr-30/
15434,molix,Molix Jugulo Casting Jig Gr. 30,Metal Jig,13.30,13.30,webpesca.it,esatto,11.60,,,esaurito,cp_piu_caro,+14.7,https://www.webpesca.it/shop/artificiale-metal-jig-molix-jugulo-casting-jig-8-cm-30-gr-alborella/,https://clanpesca.com/prodotto/molix-jugulo-casting-jig-gr-30/
15439,molix,Molix Jugulo Casting Jig Gr 40,Metal Jig,13.75,13.75,bassstoreitaly.com,possibile,8.99,,,disponibile,cp_piu_caro,+52.9,https://bassstoreitaly.com/it/molix-jugulo-wide-casting-jig,https://clanpesca.com/prodotto/molix-jugulo-casting-jig-gr-40/
15439,molix,Molix Jugulo Casting Jig Gr 40,Metal Jig,13.75,13.75,escaepescashop.it,possibile,8.28,8.28,10.26,disponibile,cp_piu_caro,+66.1,https://escaepescashop.it/prodotto/molix-jugulo-casting-jig/,https://clanpesca.com/prodotto/molix-jugulo-casting-jig-gr-40/
15439,molix,Molix Jugulo Casting Jig Gr 40,Metal Jig,13.75,13.75,megafish.it,possibile,15.05,,,,cp_piu_economico,-8.6,https://www.megafish.it/jig/5872-molix-jugulo-wide-jig.html,https://clanpesca.com/prodotto/molix-jugulo-casting-jig-gr-40/
15439,molix,Molix Jugulo Casting Jig Gr 40,Metal Jig,13.75,13.75,webpesca.it,esatto,12.72,,,esaurito,cp_piu_caro,+8.1,https://www.webpesca.it/shop/artificiale-metal-jig-molix-jugulo-wide-casting-7-cm-40-gr-dorado/,https://clanpesca.com/prodotto/molix-jugulo-casting-jig-gr-40/
15621,decoy,Decoy JS-1 Jigging Single Sergeant'N',Ami Assist,6.50,6.50,megafish.it,esatto,8.08,,,,cp_piu_economico,-19.6,https://www.megafish.it/ami-big-game/2663-decoy-js-1-jigging-single-sergeant-n.html,https://clanpesca.com/prodotto/decoy-js-1-jigging-single-sergeantn/
15662,decoy,Amo Decoy Worm 22,Ami Wide Gap,6.70,6.70,escaepescashop.it,possibile,4.95,,,disponibile,cp_piu_caro,+35.4,https://escaepescashop.it/prodotto/decoy-worm19-ss-hook/,https://clanpesca.com/prodotto/ami-decoy-worm-22/
15662,decoy,Amo Decoy Worm 22,Ami Wide Gap,6.70,6.70,megafish.it,possibile,6.97,,,,cp_piu_economico,-3.9,https://www.megafish.it/ami-off-set/2721-decoy-worm-102-s-switcher.html,https://clanpesca.com/prodotto/ami-decoy-worm-22/
15717,decoy,Decoy Worm 117,Ami da Dropshot,5.90,5.90,escaepescashop.it,possibile,4.95,,,disponibile,cp_piu_caro,+19.2,https://escaepescashop.it/prodotto/decoy-worm19-ss-hook/,https://clanpesca.com/prodotto/decoy-worm-117/
15717,decoy,Decoy Worm 117,Ami da Dropshot,5.90,5.90,megafish.it,possibile,6.97,,,,cp_piu_economico,-15.4,https://www.megafish.it/ami-off-set/2721-decoy-worm-102-s-switcher.html,https://clanpesca.com/prodotto/decoy-worm-117/
16020,molix,"Molix Sator Worm 4""",Spinning e Casting,7.50,7.50,bassstoreitaly.com,possibile,6.85,,,disponibile,cp_piu_caro,+9.5,https://bassstoreitaly.com/it/molix-sator-worm-,https://clanpesca.com/prodotto/molix-sator-worm-4/
16020,molix,"Molix Sator Worm 4""",Spinning e Casting,7.50,7.50,escaepescashop.it,possibile,6.30,,,disponibile,cp_piu_caro,+19.0,https://escaepescashop.it/prodotto/molix-sator-worm-25/,https://clanpesca.com/prodotto/molix-sator-worm-4/
16020,molix,"Molix Sator Worm 4""",Spinning e Casting,7.50,7.50,webpesca.it,esatto,7.19,,,esaurito,cp_piu_caro,+4.3,https://www.webpesca.it/shop/artificiale-worm-molix-sator-worm-4-10-cm-green-red/,https://clanpesca.com/prodotto/molix-sator-worm-4/
16029,molix,"Molix Sator Worm 5""",Spinning e Casting,7.99,7.99,bassstoreitaly.com,possibile,6.85,,,disponibile,cp_piu_caro,+16.6,https://bassstoreitaly.com/it/molix-sator-worm-,https://clanpesca.com/prodotto/molix-sator-worm-5/
16029,molix,"Molix Sator Worm 5""",Spinning e Casting,7.99,7.99,escaepescashop.it,possibile,6.30,,,disponibile,cp_piu_caro,+26.8,https://escaepescashop.it/prodotto/molix-sator-worm-25/,https://clanpesca.com/prodotto/molix-sator-worm-5/
16029,molix,"Molix Sator Worm 5""",Spinning e Casting,7.99,7.99,webpesca.it,esatto,5.10,,,esaurito,cp_piu_caro,+56.7,https://www.webpesca.it/shop/artificiale-worm-molix-sator-worm-5-12-5-cm-green-pumpkin/,https://clanpesca.com/prodotto/molix-sator-worm-5/
16047,molix,"Molix Sator Worm 5.8""",Spinning e Casting,7.99,7.99,bassstoreitaly.com,possibile,6.85,,,disponibile,cp_piu_caro,+16.6,https://bassstoreitaly.com/it/molix-sator-worm-,https://clanpesca.com/prodotto/molix-sator-worm-5-8/
16047,molix,"Molix Sator Worm 5.8""",Spinning e Casting,7.99,7.99,escaepescashop.it,possibile,6.30,,,disponibile,cp_piu_caro,+26.8,https://escaepescashop.it/prodotto/molix-sator-worm-25/,https://clanpesca.com/prodotto/molix-sator-worm-5-8/
16047,molix,"Molix Sator Worm 5.8""",Spinning e Casting,7.99,7.99,webpesca.it,possibile,5.10,,,esaurito,cp_piu_caro,+56.7,https://www.webpesca.it/shop/artificiale-worm-molix-sator-worm-5-12-5-cm-green-pumpkin/,https://clanpesca.com/prodotto/molix-sator-worm-5-8/
16071,molix,Molix S-Stick,Spinning e Casting,7.50,7.50,bassstoreitaly.com,famiglia,2.89,,,esaurito,cp_piu_caro,+159.5,https://bassstoreitaly.com/it/molix-stick-stopper,https://clanpesca.com/prodotto/molix-s-stick-2/
16071,molix,Molix S-Stick,Spinning e Casting,7.50,7.50,pescapromo.it,famiglia,4.44,,,esaurito,cp_piu_caro,+68.9,https://pescapromo.it/t/shads/molix-sneaky-stick-4-5-11-25cm-sinking-softbait-8pcs,https://clanpesca.com/prodotto/molix-s-stick-2/
16071,molix,Molix S-Stick,Spinning e Casting,7.50,7.50,webpesca.it,famiglia,12.80,,,esaurito,cp_piu_economico,-41.4,https://www.webpesca.it/shop/artificiale-stickbait-molix-piper-6-5-cm-9-gr-silver-bait/,https://clanpesca.com/prodotto/molix-s-stick-2/
16097,molix,"Molix Sligo 5""",Spinning e Casting,6.60,6.60,bassstoreitaly.com,possibile,5.99,,,disponibile,cp_piu_caro,+10.2,https://bassstoreitaly.com/it/molix-sligozzo-2,https://clanpesca.com/prodotto/molix-sligo-5-2/
16240,ivyline,Ivyline Acti Gr 1.2,Trout Area,6.60,6.60,bassstoreitaly.com,possibile,5.99,,,disponibile,cp_piu_caro,+10.2,https://bassstoreitaly.com/it/ivyline-acti-spoon,https://clanpesca.com/prodotto/ivyline-acti-gr-1-2-2/
16327,livetarget,Livetarget Adult Trout Swimbait,Spinning e Casting,14.90,14.90,bassstoreitaly.com,famiglia,10.80,,,disponibile,cp_piu_caro,+38.0,https://bassstoreitaly.com/it/livetarget-adult-trout-swimbait,https://clanpesca.com/prodotto/livetarget-adult-trout-swimbait-2/
16327,livetarget,Livetarget Adult Trout Swimbait,Spinning e Casting,14.90,14.90,pescapromo.it,famiglia,8.13,,,esaurito,cp_piu_caro,+83.3,https://pescapromo.it/t/swimbaits/livetarget-lures-trout-adult-swimbait-sinking-silver-violet-16-5cm-71g,https://clanpesca.com/prodotto/livetarget-adult-trout-swimbait-2/
16394,colmic,Colmic Girelle Side Line Rolling,Mare,2.50,2.50,bestpesca.com,famiglia,3.00,,,disponibile,cp_piu_economico,-16.7,https://www.bestpesca.com/colmic/gm101214-girelle-side-line-rolling-mis.-14.html,https://clanpesca.com/prodotto/colmic-girelle-side-line-rolling/
16814,fladen,Fladen Wading Jacket,Abbigliamento,189.00,189.00,pescapromo.it,famiglia,89.95,,,disponibile,cp_piu_caro,+110.1,https://pescapromo.it/t/giacche-da-pesca/fladen-authentic-wading-jacket,https://clanpesca.com/prodotto/fladen-wading-jacket/
16857,panther-martin,Panther Martin Vespa Originale,Spinning e Casting,3.79,4.50,bassstoreitaly.com,famiglia,3.99,,,disponibile,in_fascia,+0.0,https://bassstoreitaly.com/it/panther-martin-vespa-originale,https://clanpesca.com/prodotto/panther-martin-vespa-originale-gr-12/
16885,panther-martin,Panther Martin Marmorata,Spinning e Casting,5.50,7.40,bassstoreitaly.com,famiglia,6.49,,,disponibile,in_fascia,+0.0,https://bassstoreitaly.com/it/panther-martin-marmorata,https://clanpesca.com/prodotto/panther-martin-marmorata/
16930,panther-martin,Panther Martin Holographic Single Hook,Spinning e Casting,4.99,4.99,bassstoreitaly.com,famiglia,4.59,,,disponibile,cp_piu_caro,+8.7,https://bassstoreitaly.com/it/panther-martin-holographic-single-hook,https://clanpesca.com/prodotto/panther-martin-holographic-single-hook/
16957,panther-martin,Panther Martin Hula Runner,Spinning e Casting,13.99,13.99,bassstoreitaly.com,famiglia,13.49,,,disponibile,cp_piu_caro,+3.7,https://bassstoreitaly.com/it/panther-martin-hula-runner,https://clanpesca.com/prodotto/panther-martin-hula-runner/
17093,tamura,Tamura Cranky Fat Long Lip,Siluro,11.90,11.90,bassstoreitaly.com,famiglia,7.99,,,disponibile,cp_piu_caro,+48.9,https://bassstoreitaly.com/it/carson-tamura-cranky-fat-long-lip,https://clanpesca.com/prodotto/tamura-cranky-fat-long-lip/
17231,tubertini,Tubertini Mulinello Wasp,Mare,85.00,89.00,pescamia.eu,famiglia,68.00,,,disponibile,cp_piu_caro,+25.0,https://www.pescamia.eu/product-page/tubertini-mulinello-wasp,https://clanpesca.com/prodotto/tubertini-mulinello-wasp/
17276,favorite,Favorite White Bird,Mare,59.90,65.00,bassstoreitaly.com,famiglia,57.99,,,esaurito,cp_piu_caro,+3.3,https://bassstoreitaly.com/it/favorite-white-bird-spinning,https://clanpesca.com/prodotto/favorite-white-bird/
17294,favorite,Favorite X1 PRO,Canne,85.00,112.00,bassstoreitaly.com,famiglia,68.49,,,disponibile,cp_piu_caro,+24.1,https://bassstoreitaly.com/it/favorite-x1-pro-spinning,https://clanpesca.com/prodotto/favorite-x1-pro/
20092,tubertini,Tubertini Kaliber Surf,Mare,89.00,95.00,escaepescashop.it,famiglia,74.00,74.00,90.00,esaurito,cp_piu_caro,+20.3,https://escaepescashop.it/prodotto/tubertini-surfcasting-kaliber-surf/,https://clanpesca.com/prodotto/tubertini-kaliber-surf/
20092,tubertini,Tubertini Kaliber Surf,Mare,89.00,95.00,megafish.it,famiglia,75.65,,,,cp_piu_caro,+17.6,https://www.megafish.it/canne-surfcasting/6284-tubertini-kaliber-surf-420-mt.html,https://clanpesca.com/prodotto/tubertini-kaliber-surf/
20092,tubertini,Tubertini Kaliber Surf,Mare,89.00,95.00,pescamia.eu,famiglia,79.90,,,disponibile,cp_piu_caro,+11.4,https://www.pescamia.eu/product-page/tubertini-kaliber-surf-canna-telescopica-surfcasting,https://clanpesca.com/prodotto/tubertini-kaliber-surf/
20096,tubertini,Tubertini Performer,Mare,69.00,75.00,escaepescashop.it,famiglia,68.00,68.00,82.00,disponibile,cp_piu_caro,+1.5,https://escaepescashop.it/prodotto/canna-tubertini-performer-xs/,https://clanpesca.com/prodotto/tubertini-performer/
20096,tubertini,Tubertini Performer,Mare,69.00,75.00,pescamia.eu,famiglia,74.00,,,disponibile,in_fascia,+0.0,https://www.pescamia.eu/product-page/tubertini-performer-xs-canna-beach-ledgering,https://clanpesca.com/prodotto/tubertini-performer/
20096,tubertini,Tubertini Performer,Mare,69.00,75.00,webpesca.it,famiglia,61.75,,,esaurito,cp_piu_caro,+11.7,https://www.webpesca.it/shop/canna-surfcasting-tubertini-performer-4-50-mt-100-200-gr/,https://clanpesca.com/prodotto/tubertini-performer/
20436,molix,Molix Supernato Beetle Cm 7.5 Gr 17,Spinning e Casting,15.98,15.98,bassstoreitaly.com,possibile,11.50,,,disponibile,cp_piu_caro,+39.0,https://bassstoreitaly.com/it/molix-supernato-beetle-baby,https://clanpesca.com/prodotto/molix-supernato-beetle-cm-7-5-gr-17/
20454,molix,Molix Pop Frog Cm 6.5 Gr 18,Spinning e Casting,13.48,13.48,bassstoreitaly.com,possibile,12.60,,,disponibile,cp_piu_caro,+7.0,https://bassstoreitaly.com/it/molix-pop-frog,https://clanpesca.com/prodotto/molix-pop-frog-cm-6-5-gr-18/
20454,molix,Molix Pop Frog Cm 6.5 Gr 18,Spinning e Casting,13.48,13.48,webpesca.it,esatto,12.75,,,esaurito,cp_piu_caro,+5.7,https://www.webpesca.it/shop/artificiale-rana-molix-pop-frog-6-5-cm-18-gr-pink-poison/,https://clanpesca.com/prodotto/molix-pop-frog-cm-6-5-gr-18/
20476,molix,Molix Sneaky Frog 90 EVO,Spinning e Casting,13.21,13.21,bassstoreitaly.com,possibile,13.99,,,esaurito,cp_piu_economico,-5.6,https://bassstoreitaly.com/it/molix-sneaky-frog-evo,https://clanpesca.com/prodotto/molix-sneaky-frog-90-evo/
20631,molix,Molix Glide Bait 130 Floating,Siluro,27.90,29.90,webpesca.it,possibile,24.23,,,esaurito,cp_piu_caro,+15.1,https://www.webpesca.it/shop/artificiale-swimbait-molix-glide-bait-floating-13-cm-28-ghost-ayu/,https://clanpesca.com/prodotto/molix-glide-bait-130-floating/
20672,molix,Molix Glide Bait 130 Slow Sinking,Siluro,27.90,29.99,pescapromo.it,esatto,25.60,,,disponibile,cp_piu_caro,+9.0,https://pescapromo.it/t/swimbaits/molix-glide-bait-130-slow-sinking-swimbait-13cm-30g,https://clanpesca.com/prodotto/molix-glide-bait-130-slow-sinking/
20692,molix,Molix Soft Lipless Vib 55 14 Gr 5.5 Cm,Spinning e Casting,13.90,13.90,bassstoreitaly.com,possibile,10.55,,,disponibile,cp_piu_caro,+31.8,https://bassstoreitaly.com/it/molix-soft-lipless-vib,https://clanpesca.com/prodotto/molix-soft-lipless-vib-55-14-gr-5-5-cm/
20824,flash-union,Flash Union Full Metal Sonic Gr 2.5,Spinning e Casting,7.95,7.95,bassstoreitaly.com,possibile,7.99,,,disponibile,cp_piu_economico,-0.5,https://bassstoreitaly.com/it/flash-union-full-metal-sonic,https://clanpesca.com/prodotto/flash-union-full-metal-sonic-gr-2-5/
20853,flash-union,Flash Union Full Metal Sonic Gr 3.5,Spinning e Casting,7.95,7.95,bassstoreitaly.com,possibile,7.99,,,disponibile,cp_piu_economico,-0.5,https://bassstoreitaly.com/it/flash-union-full-metal-sonic,https://clanpesca.com/prodotto/flash-union-full-metal-sonic-gr-3-5/
20889,molix,Molix Spin Shad 110,Siluro,15.25,15.25,bassstoreitaly.com,possibile,14.20,,,disponibile,cp_piu_caro,+7.4,https://bassstoreitaly.com/it/molix-spin-shad-185-swimbait,https://clanpesca.com/prodotto/molix-spin-shad-110/
20889,molix,Molix Spin Shad 110,Siluro,15.25,15.25,webpesca.it,possibile,14.32,,,esaurito,cp_piu_caro,+6.5,https://www.webpesca.it/shop/artificiale-shad-molix-spin-shad-11-cm-55-gr-perch/,https://clanpesca.com/prodotto/molix-spin-shad-110/
20894,molix,Molix Spin Shad 160,Siluro,16.99,16.99,bassstoreitaly.com,possibile,14.20,,,disponibile,cp_piu_caro,+19.6,https://bassstoreitaly.com/it/molix-spin-shad-185-swimbait,https://clanpesca.com/prodotto/molix-spin-shad-160/
20894,molix,Molix Spin Shad 160,Siluro,16.99,16.99,webpesca.it,esatto,14.80,,,esaurito,cp_piu_caro,+14.8,https://www.webpesca.it/shop/artificiale-shad-molix-spin-shad-16-cm-160-gr-perch/,https://clanpesca.com/prodotto/molix-spin-shad-160/
21053,fladen,Fladen Predator Jerk Cm 12 Gr 50,Siluro,7.50,7.50,pescapromo.it,possibile,3.99,,,esaurito,cp_piu_caro,+88.0,https://pescapromo.it/t/jerkbaits/fladen-predator-jerk-25gr,https://clanpesca.com/prodotto/fladen-predator-jerk-cm-12-gr-50/
21163,molix,Molix Shad 140,Siluro,14.95,14.95,bassstoreitaly.com,possibile,6.79,,,disponibile,cp_piu_caro,+120.2,https://bassstoreitaly.com/it/molix-ra-shad,https://clanpesca.com/prodotto/molix-shad-140-gr-60-cm-14/
21163,molix,Molix Shad 140,Siluro,14.95,14.95,escaepescashop.it,possibile,6.95,,,disponibile,cp_piu_caro,+115.1,https://escaepescashop.it/prodotto/molix-ra-shad-2/,https://clanpesca.com/prodotto/molix-shad-140-gr-60-cm-14/
21163,molix,Molix Shad 140,Siluro,14.95,14.95,pescapromo.it,esatto,14.20,,,disponibile,cp_piu_caro,+5.3,https://pescapromo.it/t/shads/molix-shad-140-14cm-60g,https://clanpesca.com/prodotto/molix-shad-140-gr-60-cm-14/
21163,molix,Molix Shad 140,Siluro,14.95,14.95,webpesca.it,possibile,5.93,,,esaurito,cp_piu_caro,+152.1,https://www.webpesca.it/shop/artificiale-shad-molix-ra-shad-2-5-cm-citrus/,https://clanpesca.com/prodotto/molix-shad-140-gr-60-cm-14/
21318,molix,"Molix Shad 185 Gr 100 Cm 18,5",Siluro,16.10,16.10,bassstoreitaly.com,possibile,6.79,,,disponibile,cp_piu_caro,+137.1,https://bassstoreitaly.com/it/molix-ra-shad,https://clanpesca.com/prodotto/molix-shad-185-gr-100-cm-185/
21318,molix,"Molix Shad 185 Gr 100 Cm 18,5",Siluro,16.10,16.10,escaepescashop.it,possibile,6.95,,,disponibile,cp_piu_caro,+131.7,https://escaepescashop.it/prodotto/molix-ra-shad-2/,https://clanpesca.com/prodotto/molix-shad-185-gr-100-cm-185/
21318,molix,"Molix Shad 185 Gr 100 Cm 18,5",Siluro,16.10,16.10,pescapromo.it,possibile,4.80,,,esaurito,cp_piu_caro,+235.4,https://pescapromo.it/t/shads/molix-pike-shad-7-5-19cm-2pcs,https://clanpesca.com/prodotto/molix-shad-185-gr-100-cm-185/
21318,molix,"Molix Shad 185 Gr 100 Cm 18,5",Siluro,16.10,16.10,webpesca.it,possibile,5.93,,,esaurito,cp_piu_caro,+171.5,https://www.webpesca.it/shop/artificiale-shad-molix-ra-shad-2-5-cm-citrus/,https://clanpesca.com/prodotto/molix-shad-185-gr-100-cm-185/
21401,game,Pend Minnow by Game 3.75,Mare,10.50,10.50,bassstoreitaly.com,possibile,10.29,,,disponibile,cp_piu_caro,+2.0,https://bassstoreitaly.com/it/game-by-laboratorio-pend-minnow,https://clanpesca.com/prodotto/pend-minnow-by-game-3-75/
21417,game,Pend Eel by Game,Mare,10.50,10.50,bassstoreitaly.com,famiglia,10.29,,,disponibile,cp_piu_caro,+2.0,https://bassstoreitaly.com/it/game-by-laboratorio-pend-eel,https://clanpesca.com/prodotto/pend-eel-by-game/
21428,game,Pend Paddle by Game 3.25,Mare,10.29,10.29,bassstoreitaly.com,possibile,10.29,,,disponibile,in_fascia,+0.0,https://bassstoreitaly.com/it/game-by-laboratorio-pend-paddle,https://clanpesca.com/prodotto/pend-paddle-by-game/
21434,game,Pend Paddle by Game 4.5,Mare,10.29,10.29,bassstoreitaly.com,possibile,10.29,,,disponibile,in_fascia,+0.0,https://bassstoreitaly.com/it/game-by-laboratorio-pend-paddle,https://clanpesca.com/prodotto/pend-paddle-by-game-4-5/
21450,legio-aurea,Legio Aurea Scorpio 4.25,Spinning e Casting,7.75,7.75,bassstoreitaly.com,possibile,8.09,,,disponibile,cp_piu_economico,-4.2,https://bassstoreitaly.com/it/legio-aurea-scorpio-craw-creature,https://clanpesca.com/prodotto/legio-aurea-scorpio-4-25/
21456,legio-aurea,Legio Aurea Augustus 4.5,Spinning e Casting,7.75,7.75,bassstoreitaly.com,possibile,8.09,,,disponibile,cp_piu_economico,-4.2,https://bassstoreitaly.com/it/legio-aurea-augustus,https://clanpesca.com/prodotto/legio-aurea-augustus-4-5/
21464,legio-aurea,Legio Aurea Serpens 4.25,Mare,6.75,6.75,bassstoreitaly.com,possibile,7.99,,,disponibile,cp_piu_economico,-15.5,https://bassstoreitaly.com/it/legio-aurea-serpens-finesse-worm,https://clanpesca.com/prodotto/legio-aurea-serpens-4-25/
21471,legio-aurea,Legio Aurea Commodus 5,Spinning e Casting,7.75,7.75,bassstoreitaly.com,possibile,8.09,,,disponibile,cp_piu_economico,-4.2,https://bassstoreitaly.com/it/legio-aurea-commodus,https://clanpesca.com/prodotto/legio-aurea-commodus-5/
21485,legio-aurea,Legio Aurea Roma 4.5,Spinning e Casting,7.75,7.75,bassstoreitaly.com,possibile,8.09,,,disponibile,cp_piu_economico,-4.2,https://bassstoreitaly.com/it/legio-aurea-roma-soft-jerkbait-worm,https://clanpesca.com/prodotto/legio-aurea-roma-4-5/
21523,fiiish,Fiiish Blaster Shad 160 Gr 53,Siluro,23.00,23.00,bassstoreitaly.com,possibile,19.99,,,disponibile,cp_piu_caro,+15.1,https://bassstoreitaly.com/it/fiiish-blaster-shad,https://clanpesca.com/prodotto/fiiish-blaster-shad-160/
21523,fiiish,Fiiish Blaster Shad 160 Gr 53,Siluro,23.00,23.00,megafish.it,possibile,19.70,,,,cp_piu_caro,+16.8,https://www.megafish.it/soft-baits-artificiali-spinning/5765-fiiish-blaster-shad-130-n1.html,https://clanpesca.com/prodotto/fiiish-blaster-shad-160/
21528,fiiish,Fiiish Blaster Shad 200 Gr 80,Siluro,25.00,25.00,bassstoreitaly.com,possibile,19.99,,,disponibile,cp_piu_caro,+25.1,https://bassstoreitaly.com/it/fiiish-blaster-shad,https://clanpesca.com/prodotto/fiiish-blaster-shad-gr-80/
21528,fiiish,Fiiish Blaster Shad 200 Gr 80,Siluro,25.00,25.00,megafish.it,possibile,19.70,,,,cp_piu_caro,+26.9,https://www.megafish.it/soft-baits-artificiali-spinning/5765-fiiish-blaster-shad-130-n1.html,https://clanpesca.com/prodotto/fiiish-blaster-shad-gr-80/
21555,favorite,Favorite Mulinello X1,Spinning e Casting,89.00,89.00,bassstoreitaly.com,famiglia,82.59,,,disponibile,cp_piu_caro,+7.8,https://bassstoreitaly.com/it/favorite-x1-casting,https://clanpesca.com/prodotto/favorite-mulinello-x1/
21563,ryobi,Mulinello Ryobi Lagos,Mare,149.90,155.00,escaepescashop.it,famiglia,139.00,139.00,143.00,disponibile,cp_piu_caro,+7.8,https://escaepescashop.it/prodotto/mulinello-ryobi-lagos/,https://clanpesca.com/prodotto/mulinello-ryobi-lagos/
21585,seika,Canna Seika Kizuri Pro,Spinning e Casting,165.00,175.00,escaepescashop.it,famiglia,140.00,140.00,165.00,disponibile,cp_piu_caro,+17.9,https://escaepescashop.it/prodotto/canna-spinning-seika-kizuri-pro/,https://clanpesca.com/prodotto/canna-seika-kizuri-pro/
21609,seika,Canna Seika Utopia,Spinning e Casting,165.00,185.00,escaepescashop.it,famiglia,149.00,149.00,163.00,disponibile,cp_piu_caro,+10.7,https://escaepescashop.it/prodotto/canna-troutarea-seika-utopia/,https://clanpesca.com/prodotto/canna-seika-utopia/
21671,tubertini,Tubertini Vitality Tuna Mt 2.00 Lb 30-50,Mare,179.00,179.00,megafish.it,possibile,151.40,,,,cp_piu_caro,+18.2,https://www.megafish.it/trainabig-game/6303-tubertini-vitality-2-tuna.html,https://clanpesca.com/prodotto/tubertini-vitality-tuna-mt-2-00-lb-30-50/
21674,tubertini,Tubertini Vitality 2 Mt 2.10 Lb 12-20,Mare,139.00,139.00,escaepescashop.it,possibile,112.00,,,disponibile,cp_piu_caro,+24.1,https://escaepescashop.it/prodotto/canna-traina-tubertini-vitality-light/,https://clanpesca.com/prodotto/tubertini-vitality-2-mt-2-10-lb-12-20/
21674,tubertini,Tubertini Vitality 2 Mt 2.10 Lb 12-20,Mare,139.00,139.00,megafish.it,possibile,151.40,,,,cp_piu_economico,-8.2,https://www.megafish.it/trainabig-game/6303-tubertini-vitality-2-tuna.html,https://clanpesca.com/prodotto/tubertini-vitality-2-mt-2-10-lb-12-20/
21676,tubertini,Tubertini Crossover 2 Mt 2.20 Lb 6-12,Mare,139.00,139.00,escaepescashop.it,possibile,95.00,95.00,105.00,disponibile,cp_piu_caro,+46.3,https://escaepescashop.it/prodotto/canna-traina-tubertini-crossover-2/,https://clanpesca.com/prodotto/tubetini-crossover-2-mt-2-20-lb-6-12/
21676,tubertini,Tubertini Crossover 2 Mt 2.20 Lb 6-12,Mare,139.00,139.00,megafish.it,possibile,95.85,,,,cp_piu_caro,+45.0,https://www.megafish.it/trainabig-game/6285-tubertini-crossover-2.html,https://clanpesca.com/prodotto/tubetini-crossover-2-mt-2-20-lb-6-12/
21676,tubertini,Tubertini Crossover 2 Mt 2.20 Lb 6-12,Mare,139.00,139.00,pescamia.eu,possibile,104.00,,,disponibile,cp_piu_caro,+33.7,https://www.pescamia.eu/product-page/tubertini-crossover-2-canna-traina-costiera,https://clanpesca.com/prodotto/tubetini-crossover-2-mt-2-20-lb-6-12/
21676,tubertini,Tubertini Crossover 2 Mt 2.20 Lb 6-12,Mare,139.00,139.00,webpesca.it,probabile,97.50,,,esaurito,cp_piu_caro,+42.6,https://www.webpesca.it/shop/canna-drifting-tubertini-crossover-2-2-20-mt-6-12-lbs/,https://clanpesca.com/prodotto/tubetini-crossover-2-mt-2-20-lb-6-12/
21681,tubertini,Tubertini Sea Master,Mare,139.00,139.00,escaepescashop.it,famiglia,110.00,110.00,115.00,disponibile,cp_piu_caro,+26.4,https://escaepescashop.it/prodotto/tubertini-sea-master/,https://clanpesca.com/prodotto/tubertini-sea-master/
21681,tubertini,Tubertini Sea Master,Mare,139.00,139.00,megafish.it,famiglia,111.00,,,,cp_piu_caro,+25.2,https://www.megafish.it/trainabig-game/6286-tubertini-sea-master.html,https://clanpesca.com/prodotto/tubertini-sea-master/
21681,tubertini,Tubertini Sea Master,Mare,139.00,139.00,pescamia.eu,famiglia,116.00,,,disponibile,cp_piu_caro,+19.8,https://www.pescamia.eu/product-page/tubertini-sea-master-canna-traina-costiera,https://clanpesca.com/prodotto/tubertini-sea-master/
21970,meiho,Valigetta Meiho VS 3080,Mare,94.90,94.90,bassstoreitaly.com,esatto,32.99,,,disponibile,cp_piu_caro,+187.7,https://bassstoreitaly.com/it/meiho-versus-vs-3080-upper-p,https://clanpesca.com/prodotto/valigetta-meiho-vs-3080/
21970,meiho,Valigetta Meiho VS 3080,Mare,94.90,94.90,webpesca.it,esatto,115.20,,,esaurito,cp_piu_economico,-17.6,https://www.webpesca.it/shop/scatola-meiho-versus-vs-3080-black/,https://clanpesca.com/prodotto/valigetta-meiho-vs-3080/
21984,meiho,Valigetta Meiho VS 3078,Mare,79.90,79.90,bassstoreitaly.com,esatto,84.99,,,disponibile,cp_piu_economico,-6.0,https://bassstoreitaly.com/it/meiho-versus-vs-3078-organizer,https://clanpesca.com/prodotto/valigetta-meiho-vs-3078/
21984,meiho,Valigetta Meiho VS 3078,Mare,79.90,79.90,webpesca.it,possibile,52.00,,,esaurito,cp_piu_caro,+53.7,https://www.webpesca.it/shop/scatola-meiho-versus-vs-3070-black/,https://clanpesca.com/prodotto/valigetta-meiho-vs-3078/
22155,carson,Carson Canna Dark Matter PJDM-860,Mare,59.00,69.00,bassstoreitaly.com,esatto,38.99,,,disponibile,cp_piu_caro,+51.3,https://bassstoreitaly.com/it/carson-dark-matter-pjdm-860-spinning-rods,https://clanpesca.com/prodotto/carson-canna-dark-matter-pjdm-860/
22309,stonfo,Stonfo Salva Anelli,Mare,4.30,4.80,bassstoreitaly.com,famiglia,3.49,,,disponibile,cp_piu_caro,+23.2,https://bassstoreitaly.com/it/stonfo-salvanelli-sbs-tipo-b,https://clanpesca.com/prodotto/stonfo-salva-anelli/
22535,favorite,Favorite Creed,Spinning e Casting,125.00,139.00,bassstoreitaly.com,famiglia,201.00,,,disponibile,cp_piu_economico,-30.8,https://bassstoreitaly.com/it/favorite-creed-sw-spinning,https://clanpesca.com/prodotto/favorite-creed/
22785,livetarget,"LiveTarget Freestyle Frog 3""",Spinning e Casting,11.90,11.90,bassstoreitaly.com,possibile,10.80,,,disponibile,cp_piu_caro,+10.2,https://bassstoreitaly.com/it/livetarget-ict-freestyle-frog-2,https://clanpesca.com/prodotto/livetarget-freestyle-frog-3/
22793,livetarget,LiveTarget Freestyle Frog 3.1/2,Spinning e Casting,11.90,11.90,bassstoreitaly.com,possibile,10.80,,,disponibile,cp_piu_caro,+10.2,https://bassstoreitaly.com/it/livetarget-ict-freestyle-frog-2,https://clanpesca.com/prodotto/livetarget-freestyle-frog-3-1-2/
22932,game,Game Aguglia Turbo,Mare,23.99,23.99,bassstoreitaly.com,famiglia,25.99,,,disponibile,cp_piu_economico,-7.7,https://bassstoreitaly.com/it/game-by-laboratorio-aguglia-turbo-needle,https://clanpesca.com/prodotto/game-aguglia-turbo/
22943,gary-yamamoto,Gary Yamamoto Senko 4,Spinning e Casting,13.50,13.50,bassstoreitaly.com,possibile,7.49,,,disponibile,cp_piu_caro,+80.2,https://bassstoreitaly.com/it/gary-yamamoto-swim-senko,https://clanpesca.com/prodotto/gary-yamamoto-senko-4/
22943,gary-yamamoto,Gary Yamamoto Senko 4,Spinning e Casting,13.50,13.50,webpesca.it,esatto,14.82,,,esaurito,cp_piu_economico,-8.9,https://www.webpesca.it/shop/artificiale-stickbait-gary-yamamoto-senko-4-baby-bass/,https://clanpesca.com/prodotto/gary-yamamoto-senko-4/
22964,gary-yamamoto,Gary Yamamoto Swim Senko 4,Spinning e Casting,13.00,13.00,bassstoreitaly.com,possibile,7.49,,,disponibile,cp_piu_caro,+73.6,https://bassstoreitaly.com/it/gary-yamamoto-swim-senko,https://clanpesca.com/prodotto/gary-yamamoto-swim-senko-4/
22989,gary-yamamoto,"Gary Yamamoto Kut Tail 5""",Spinning e Casting,10.95,10.95,bassstoreitaly.com,possibile,10.95,,,disponibile,in_fascia,+0.0,https://bassstoreitaly.com/it/gary-yamamoto-kut-tail,https://clanpesca.com/prodotto/gary-yamamoto-kut-tail-5/
22989,gary-yamamoto,"Gary Yamamoto Kut Tail 5""",Spinning e Casting,10.95,10.95,webpesca.it,esatto,10.56,,,esaurito,cp_piu_caro,+3.7,https://www.webpesca.it/shop/artificiale-worm-gary-yamamoto-kut-tail-5-baby-bass/,https://clanpesca.com/prodotto/gary-yamamoto-kut-tail-5/
23042,keitech,"Keitech Swing Impact 3""",Spinning e Casting,8.90,8.90,bassstoreitaly.com,possibile,6.60,,,disponibile,cp_piu_caro,+34.8,https://bassstoreitaly.com/it/keitech-swing-impact,https://clanpesca.com/prodotto/keitech-swing-impact-3/
23042,keitech,"Keitech Swing Impact 3""",Spinning e Casting,8.90,8.90,escaepescashop.it,esatto,7.90,,,disponibile,cp_piu_caro,+12.7,https://escaepescashop.it/prodotto/keitech-swing-impact-3/,https://clanpesca.com/prodotto/keitech-swing-impact-3/
23042,keitech,"Keitech Swing Impact 3""",Spinning e Casting,8.90,8.90,megafish.it,possibile,8.59,,,,cp_piu_caro,+3.6,https://www.megafish.it/soft-baits-artificiali-spinning/1820-keitech-fat-swing-impact.html,https://clanpesca.com/prodotto/keitech-swing-impact-3/
23042,keitech,"Keitech Swing Impact 3""",Spinning e Casting,8.90,8.90,pescapromo.it,probabile,6.49,,,esaurito,cp_piu_caro,+37.1,https://pescapromo.it/t/shads/keitech-swing-impact-fat-3-8-inch-9-6cm,https://clanpesca.com/prodotto/keitech-swing-impact-3/
23042,keitech,"Keitech Swing Impact 3""",Spinning e Casting,8.90,8.90,webpesca.it,possibile,8.08,,,esaurito,cp_piu_caro,+10.1,https://www.webpesca.it/shop/artifiiciale-shad-keitech-swing-impact-4-10-cm-black/,https://clanpesca.com/prodotto/keitech-swing-impact-3/
23065,keitech,"Keitech Swing Impact 4""",Spinning e Casting,7.95,7.95,bassstoreitaly.com,possibile,6.60,,,disponibile,cp_piu_caro,+20.5,https://bassstoreitaly.com/it/keitech-swing-impact,https://clanpesca.com/prodotto/keitech-swing-impact-4/
23065,keitech,"Keitech Swing Impact 4""",Spinning e Casting,7.95,7.95,escaepescashop.it,possibile,7.90,,,disponibile,cp_piu_caro,+0.6,https://escaepescashop.it/prodotto/keitech-swing-impact-3/,https://clanpesca.com/prodotto/keitech-swing-impact-4/
23065,keitech,"Keitech Swing Impact 4""",Spinning e Casting,7.95,7.95,megafish.it,possibile,8.59,,,,cp_piu_economico,-7.5,https://www.megafish.it/soft-baits-artificiali-spinning/1820-keitech-fat-swing-impact.html,https://clanpesca.com/prodotto/keitech-swing-impact-4/
23065,keitech,"Keitech Swing Impact 4""",Spinning e Casting,7.95,7.95,pescapromo.it,possibile,6.49,,,esaurito,cp_piu_caro,+22.5,https://pescapromo.it/t/shads/keitech-swing-impact-fat-3-8-inch-9-6cm,https://clanpesca.com/prodotto/keitech-swing-impact-4/
23065,keitech,"Keitech Swing Impact 4""",Spinning e Casting,7.95,7.95,webpesca.it,esatto,8.08,,,esaurito,cp_piu_economico,-1.6,https://www.webpesca.it/shop/artifiiciale-shad-keitech-swing-impact-4-10-cm-black/,https://clanpesca.com/prodotto/keitech-swing-impact-4/
23131,mustad,Mustad Apex Wide Dropshot,Spinning e Casting,6.90,6.90,bassstoreitaly.com,famiglia,5.49,,,disponibile,cp_piu_caro,+25.7,https://bassstoreitaly.com/it/mustad-alpha-point-apex-wide-dropshot,https://clanpesca.com/prodotto/mustad-apex-wide-dropshot/
23143,mustad,Mustad Assault Wide Gap,Siluro,6.90,6.90,bassstoreitaly.com,famiglia,5.10,,,disponibile,cp_piu_caro,+35.3,https://bassstoreitaly.com/it/mustad-alpha-point-assault-wide-gap,https://clanpesca.com/prodotto/mustad-assault-wide-gap/
23149,mustad,Mustad  Infiltrator Blade Weight,Siluro,9.90,9.90,bassstoreitaly.com,famiglia,7.92,,,disponibile,cp_piu_caro,+25.0,https://bassstoreitaly.com/it/mustad-alpha-point-infiltrator-blade-weighted,https://clanpesca.com/prodotto/mustad-infiltrator-blade-weight/
23156,mustad,Mustad Infiltrator Swim,Siluro,7.90,7.90,bassstoreitaly.com,famiglia,4.89,,,disponibile,cp_piu_caro,+61.6,https://bassstoreitaly.com/it/mustad-alpha-point-infiltrator-swim,https://clanpesca.com/prodotto/mustad-infiltrator-swim/
23200,bkk,Amo BKK Titan Diver+,Mare,10.50,14.90,bassstoreitaly.com,famiglia,7.39,,,disponibile,cp_piu_caro,+42.1,https://bassstoreitaly.com/it/bkk-fishing-hooks-titan-diver-2,https://clanpesca.com/prodotto/amo-bkk-titan-diver/
23200,bkk,Amo BKK Titan Diver+,Mare,10.50,14.90,pescapromo.it,famiglia,7.95,,,esaurito,cp_piu_caro,+32.1,https://pescapromo.it/t/ami-per-predatori/ami-bkk-titandiver-gold,https://clanpesca.com/prodotto/amo-bkk-titan-diver/
23210,bkk,Amo BKK Titan Rider,Mare,7.90,10.00,bassstoreitaly.com,famiglia,6.08,,,disponibile,cp_piu_caro,+29.9,https://bassstoreitaly.com/it/bkk-fishing-hooks-titan-rider,https://clanpesca.com/prodotto/amo-bkk-titan/
23216,bkk,BKK Reefmaster NP,Mare,11.50,11.50,bassstoreitaly.com,famiglia,9.10,,,disponibile,cp_piu_caro,+26.4,https://bassstoreitaly.com/it/bkk-fishing-hooks-reef-master-np,https://clanpesca.com/prodotto/bkk-reefmaster-np/
23216,bkk,BKK Reefmaster NP,Mare,11.50,11.50,pescapromo.it,famiglia,9.50,,,esaurito,cp_piu_caro,+21.1,https://pescapromo.it/t/ami-per-pesca-in-mare/bkk-sf-reefmaster-np-amo-lungo-da-pesca-di-mare,https://clanpesca.com/prodotto/bkk-reefmaster-np/
23220,bkk,BKK Native 12 SS,Spinning e Casting,8.50,8.50,bassstoreitaly.com,esatto,7.90,,,disponibile,cp_piu_caro,+7.6,https://bassstoreitaly.com/it/bkk-fishing-hooks-native-12-bl-ss,https://clanpesca.com/prodotto/bkk-native-12-ss/
23228,bkk,BKK Native 12 BL SS,Spinning e Casting,8.50,8.50,bassstoreitaly.com,esatto,7.90,,,disponibile,cp_piu_caro,+7.6,https://bassstoreitaly.com/it/bkk-fishing-hooks-native-12-bl-ss,https://clanpesca.com/prodotto/bkk-native-12-bl-ss/
23239,bkk,BKK DSS Worm,Spinning e Casting,4.50,4.50,bassstoreitaly.com,famiglia,4.29,,,disponibile,cp_piu_caro,+4.9,https://bassstoreitaly.com/it/bkk-fishing-hooks-dss-worm-uvo,https://clanpesca.com/prodotto/bkk-dss-worm/
23239,bkk,BKK DSS Worm,Spinning e Casting,4.50,4.50,pescapromo.it,famiglia,8.95,,,esaurito,cp_piu_economico,-49.7,https://pescapromo.it/t/ami-drop-shot/amo-dropshot-bkk-dss-worm-uv-4-6-pezzi,https://clanpesca.com/prodotto/bkk-dss-worm/
23242,bkk,BKK DSS Worm UVO,Spinning e Casting,4.50,4.50,bassstoreitaly.com,famiglia,4.29,,,disponibile,cp_piu_caro,+4.9,https://bassstoreitaly.com/it/bkk-fishing-hooks-dss-worm-uvo,https://clanpesca.com/prodotto/bkk-dss-worm-uvo/
23310,bkk,BKK Spear 21 SS,Mare,8.90,8.90,bassstoreitaly.com,esatto,8.20,,,disponibile,cp_piu_caro,+8.5,https://bassstoreitaly.com/it/bkk-fishing-hooks-spear-21-ss,https://clanpesca.com/prodotto/bkk-spear-21-ss/
23310,bkk,BKK Spear 21 SS,Mare,8.90,8.90,pescapromo.it,esatto,8.95,,,disponibile,cp_piu_economico,-0.6,https://pescapromo.it/t/ancorette/ancoretta-bkk-assist-spear-21-ss,https://clanpesca.com/prodotto/bkk-spear-21-ss/
23326,bkk,BKK Spear 21 UVO,Mare,8.95,10.00,bassstoreitaly.com,esatto,8.80,,,disponibile,cp_piu_caro,+1.7,https://bassstoreitaly.com/it/bkk-fishing-hooks-spear-21-uvo,https://clanpesca.com/prodotto/bkk-spear-21-uvo/
23326,bkk,BKK Spear 21 UVO,Mare,8.95,10.00,pescapromo.it,esatto,8.95,,,disponibile,in_fascia,+0.0,https://pescapromo.it/t/ancorette/bkk-spear-21-uvo-treble-hooks,https://clanpesca.com/prodotto/bkk-spear-21-uvo/
23331,bkk,BKK Assist Spear 21 SS,Spinning e Casting,8.90,8.90,pescapromo.it,esatto,8.95,,,disponibile,cp_piu_economico,-0.6,https://pescapromo.it/t/ancorette/ancoretta-bkk-assist-spear-21-ss,https://clanpesca.com/prodotto/bkk-assist-spear-21/
23338,bkk,BKK Assist Spear UVO,Spinning e Casting,9.90,9.90,pescapromo.it,famiglia,7.95,,,disponibile,cp_piu_caro,+24.5,https://pescapromo.it/t/terminali-con-stingers/bkk-assist-spear-softbait-stinger-7x7-wire-zander-uvo-7kg-0-36mm-2-pezzi,https://clanpesca.com/prodotto/bkk-assist-spear-uvo/
23342,bkk,BKK Trigger 21,Siluro,9.50,11.90,bassstoreitaly.com,esatto,9.50,,,disponibile,in_fascia,+0.0,https://bassstoreitaly.com/it/bkk-fishing-hooks-bb-trigger-21,https://clanpesca.com/prodotto/bkk-trigger-21/
23342,bkk,BKK Trigger 21,Siluro,9.50,11.90,pescapromo.it,esatto,10.95,,,disponibile,in_fascia,+0.0,https://pescapromo.it/t/terminali-con-stingers/bkk-bb-trigger-21-stinger-rig,https://clanpesca.com/prodotto/bkk-trigger-21/
23346,bkk,BKK Trigger 21 UVO,Siluro,11.90,11.90,pescapromo.it,esatto,11.95,,,disponibile,cp_piu_economico,-0.4,https://pescapromo.it/t/terminali-con-stingers/bkk-bb-trigger-21-stinger-rig-uvo,https://clanpesca.com/prodotto/bkk-trigger-21-uvo/
23351,bkk,BKK IWS Lead,Siluro,4.70,5.50,bassstoreitaly.com,famiglia,4.19,,,disponibile,cp_piu_caro,+12.2,https://bassstoreitaly.com/it/bkk-fishing-hooks-iws-lead,https://clanpesca.com/prodotto/bkk-iws-lead/
23360,bkk,BKK Trigger Lead,Siluro,4.80,4.80,bassstoreitaly.com,famiglia,3.33,,,disponibile,cp_piu_caro,+44.1,https://bassstoreitaly.com/it/bkk-fishing-hooks-bb-trigger-lead,https://clanpesca.com/prodotto/bkk-trigger-lead/
23370,bkk,BKK Duolock Snap 51,Mare,3.50,3.50,bassstoreitaly.com,esatto,3.57,,,disponibile,cp_piu_economico,-2.0,https://bassstoreitaly.com/it/bkk-fishing-hooks-duolock-snap-swivel-51,https://clanpesca.com/prodotto/bkk-duolock-snap-51-2/
23370,bkk,BKK Duolock Snap 51,Mare,3.50,3.50,pescapromo.it,esatto,2.60,,,esaurito,cp_piu_caro,+34.6,https://pescapromo.it/t/girelle-da-pesca/bkk-duolock-snap-51,https://clanpesca.com/prodotto/bkk-duolock-snap-51-2/
23384,bkk,BKK Split Ring 51,Mare,7.00,7.00,bassstoreitaly.com,esatto,6.80,,,disponibile,cp_piu_caro,+2.9,https://bassstoreitaly.com/it/bkk-fishing-hooks-split-ring-51,https://clanpesca.com/prodotto/bkk-split-ring-51/
23384,bkk,BKK Split Ring 51,Mare,7.00,7.00,megafish.it,possibile,6.57,,,,cp_piu_caro,+6.5,https://www.megafish.it/split-ring-solid-ring-pesca/1832-bkk-split-ring.html,https://clanpesca.com/prodotto/bkk-split-ring-51/
23384,bkk,BKK Split Ring 51,Mare,7.00,7.00,pescapromo.it,esatto,5.95,,,esaurito,cp_piu_caro,+17.6,https://pescapromo.it/t/girelle-da-pesca/bkk-split-ring-51,https://clanpesca.com/prodotto/bkk-split-ring-51/
23418,bkk,BKK Viper 41,Mare,11.55,12.00,pescapromo.it,possibile,29.95,,,esaurito,cp_piu_economico,-59.9,https://pescapromo.it/t/ancorette/ancorette-bkk-viper-61,https://clanpesca.com/prodotto/bkk-viper-41/
23446,bkk,BKK Chaser Punch LRF,Mare,6.50,6.50,pescapromo.it,famiglia,6.75,,,esaurito,cp_piu_economico,-3.7,https://pescapromo.it/t/teste-piombate/bkk-silent-chaser-punch-lrf-jighead-5pcs,https://clanpesca.com/prodotto/bkk-chaser-punch-lrf/
23466,bkk,BKK Round Elite Classic,Siluro,4.10,5.80,pescapromo.it,famiglia,4.50,,,esaurito,in_fascia,+0.0,https://pescapromo.it/t/teste-piombate/bkk-round-elite-classic-bait-keeper-jighead-5g-3-pezzi,https://clanpesca.com/prodotto/bkk-round-elite-classic/
23471,bkk,BKK Split Ring 41,Mare,4.00,4.00,bassstoreitaly.com,esatto,3.61,,,disponibile,cp_piu_caro,+10.8,https://bassstoreitaly.com/it/bkk-fishing-hooks-split-ring-41,https://clanpesca.com/prodotto/bkk-split-ring-41/
23471,bkk,BKK Split Ring 41,Mare,4.00,4.00,megafish.it,possibile,6.57,,,,cp_piu_economico,-39.1,https://www.megafish.it/split-ring-solid-ring-pesca/1832-bkk-split-ring.html,https://clanpesca.com/prodotto/bkk-split-ring-41/
23471,bkk,BKK Split Ring 41,Mare,4.00,4.00,pescapromo.it,possibile,5.95,,,esaurito,cp_piu_economico,-32.8,https://pescapromo.it/t/girelle-da-pesca/bkk-split-ring-51,https://clanpesca.com/prodotto/bkk-split-ring-41/
23646,seika,Seika Yo Yo Holder,Mare,11.90,11.90,webpesca.it,famiglia,9.59,,,disponibile,cp_piu_caro,+24.1,https://www.webpesca.it/shop/yo-yo-seika-holder/,https://clanpesca.com/prodotto/seika-yo-yo-holder/
23658,seika,Seika Cutter Pro,Mare,16.90,16.90,webpesca.it,famiglia,6.95,,,disponibile,cp_piu_caro,+143.2,https://www.webpesca.it/shop/taglia-filo-seika-cutter-pro/,https://clanpesca.com/prodotto/seika-cutter-pro/
24286,hart,Hart Canna Nation Cat,Siluro,60.00,69.00,pescapromo.it,famiglia,62.95,,,disponibile,in_fascia,+0.0,https://pescapromo.it/t/mulinelli/mulinello-da-pesce-gatto-hart-nation-cat-8000,https://clanpesca.com/prodotto/hart-canna-nation-cat/
24349,molix,Molix Fioretto Trofeo Casting,Luccio,249.00,255.00,bassstoreitaly.com,famiglia,199.99,,,disponibile,cp_piu_caro,+24.5,https://bassstoreitaly.com/it/molix-fioretto-trofeo,https://clanpesca.com/prodotto/molix-fioretto-trofeo-casting-82-1-4-oz-2/
24564,fladen,Giacca Fladen Authentic 5.0 Olive,Abbigliamento,165.00,165.00,pescapromo.it,esatto,119.95,,,disponibile,cp_piu_caro,+37.6,https://pescapromo.it/t/giacche-da-pesca/giacca-da-pesca-fladen-jacket-authentic-5-0-olive,https://clanpesca.com/prodotto/giacca-fladen-authentic-olive/
24618,bkk,BKK Complete Armor Point OCD Kit,Spinning e Casting,275.00,275.00,bassstoreitaly.com,famiglia,239.99,,,disponibile,cp_piu_caro,+14.6,https://bassstoreitaly.com/it/bkk-fishing-hooks-complete-armor-point-ocd-kit,https://clanpesca.com/prodotto/bkk-complete-armor-point/
24618,bkk,BKK Complete Armor Point OCD Kit,Spinning e Casting,275.00,275.00,pescapromo.it,famiglia,274.95,,,disponibile,cp_piu_caro,+0.0,https://pescapromo.it/t/ami-per-predatori/sistema-di-stoccaggio-dei-materiali-bkk-complete-armor-point-ocd-kit,https://clanpesca.com/prodotto/bkk-complete-armor-point/
24831,livetarget,"Livetarget Sunfish Swimbait Cm 11,10 Gr 29",Luccio,12.50,12.50,pescapromo.it,possibile,10.95,,,esaurito,cp_piu_caro,+14.2,https://pescapromo.it/t/swimbaits/esche-livetarget-sunfish-swimbait-bronze-bluegill-5-0-8-9cm-14g,https://clanpesca.com/prodotto/sunfish-swimbait-cm-1110/
25076,seika,Seika Predator Bag,Luccio,74.70,80.00,escaepescashop.it,famiglia,59.00,59.00,77.00,disponibile,cp_piu_caro,+26.6,https://escaepescashop.it/prodotto/seika-borse-in-eva-predators-bag/,https://clanpesca.com/prodotto/seika-predator-bag/
25102,molix,"Molix RT Shad 7""",Spinning e Casting,5.40,5.40,bassstoreitaly.com,possibile,1.85,,,disponibile,cp_piu_caro,+191.9,https://bassstoreitaly.com/it/molix-rt-shad-bulk,https://clanpesca.com/prodotto/molix-rt-shad-7/
25102,molix,"Molix RT Shad 7""",Spinning e Casting,5.40,5.40,escaepescashop.it,possibile,10.90,,,disponibile,cp_piu_economico,-50.5,https://escaepescashop.it/prodotto/molix-rt-shad/,https://clanpesca.com/prodotto/molix-rt-shad-7/
25102,molix,"Molix RT Shad 7""",Spinning e Casting,5.40,5.40,pescapromo.it,possibile,9.95,,,esaurito,cp_piu_economico,-45.7,https://pescapromo.it/t/shads/molix-rt-flip-tail-shad-9-65cm-21g,https://clanpesca.com/prodotto/molix-rt-shad-7/
25102,molix,"Molix RT Shad 7""",Spinning e Casting,5.40,5.40,webpesca.it,esatto,5.10,,,esaurito,cp_piu_caro,+5.9,https://www.webpesca.it/shop/artificiale-shad-molix-rt-shad-7-18-cm-green-shimmering/,https://clanpesca.com/prodotto/molix-rt-shad-7/
25105,tubertini,Tubertini Fodero Jocker 1,Luccio,58.50,58.50,megafish.it,esatto,55.45,,,,cp_piu_caro,+5.5,https://www.megafish.it/foderi-portacanne-pesca/6158-tubertini-fodero-jocker-1.html,https://clanpesca.com/prodotto/tubertini-fodero-jocker-1/
25220,bkk,BKK OCD Tackle System-A2,Luccio,24.99,24.99,pescapromo.it,famiglia,39.95,,,esaurito,cp_piu_economico,-37.4,https://pescapromo.it/t/scatole-da-pesca/bkk-ocd-tackle-system-a2-loaded-m-incl-20xm-8xs-cassette,https://clanpesca.com/prodotto/bkk-tackle-system-a2/
25225,bkk,BKK OCD Tackle System-A2 Loaded,Luccio,39.00,39.00,pescapromo.it,famiglia,39.95,,,esaurito,cp_piu_economico,-2.4,https://pescapromo.it/t/scatole-da-pesca/bkk-ocd-tackle-system-a2-loaded-m-incl-20xm-8xs-cassette,https://clanpesca.com/prodotto/tackle-system-a2-loaded/
25231,bkk,BKK OCD Accessory Box-S,Luccio,4.99,4.99,bassstoreitaly.com,famiglia,3.54,,,disponibile,cp_piu_caro,+41.0,https://bassstoreitaly.com/it/bkk-fishing-hooks-ocd-accessory-box,https://clanpesca.com/prodotto/bkk-ocd-accessory-box-s/
25290,molix,Molix Finder Jerk EVO 125 F cm 12.5 gr 15,Mare,18.95,18.95,bassstoreitaly.com,possibile,16.20,,,disponibile,cp_piu_caro,+17.0,https://bassstoreitaly.com/it/molix-finder-jerk-evo-125,https://clanpesca.com/prodotto/molix-finder-jerk-evo-125-f-cm-12-5-gr-15/
25290,molix,Molix Finder Jerk EVO 125 F cm 12.5 gr 15,Mare,18.95,18.95,pescapromo.it,possibile,18.95,,,disponibile,in_fascia,+0.0,https://pescapromo.it/t/esche-artificiali-minnow/molix-finder-jerk-evo-110-sp-suspending-crankbait-11cm-95g,https://clanpesca.com/prodotto/molix-finder-jerk-evo-125-f-cm-12-5-gr-15/
25290,molix,Molix Finder Jerk EVO 125 F cm 12.5 gr 15,Mare,18.95,18.95,webpesca.it,esatto,17.25,,,esaurito,cp_piu_caro,+9.9,https://www.webpesca.it/shop/artificiale-jerkbait-molix-finder-jerk-evo-f-125-cm-15-gr-cefalo/,https://clanpesca.com/prodotto/molix-finder-jerk-evo-125-f-cm-12-5-gr-15/
25372,tubertini,Borsa Tubertini Offshore 550,Mare,59.90,59.90,escaepescashop.it,esatto,51.00,,,esaurito,cp_piu_caro,+17.5,https://escaepescashop.it/prodotto/tubertini-borsa-offshore-550/,https://clanpesca.com/prodotto/borsa-tubertini-offshore-550/
25372,tubertini,Borsa Tubertini Offshore 550,Mare,59.90,59.90,megafish.it,possibile,28.18,,,,cp_piu_caro,+112.6,https://www.megafish.it/borse-e-zaini/6956-tubertini-astuccio-offshore-h-bag.html,https://clanpesca.com/prodotto/borsa-tubertini-offshore-550/
25372,tubertini,Borsa Tubertini Offshore 550,Mare,59.90,59.90,pescamia.eu,possibile,85.00,,,disponibile,cp_piu_economico,-29.5,https://www.pescamia.eu/product-page/tubertini-fodero-offshore-surf-402,https://clanpesca.com/prodotto/borsa-tubertini-offshore-550/
25372,tubertini,Borsa Tubertini Offshore 550,Mare,59.90,59.90,webpesca.it,esatto,48.14,,,esaurito,cp_piu_caro,+24.4,https://www.webpesca.it/shop/borsone-tubertini-offshore-550/,https://clanpesca.com/prodotto/borsa-tubertini-offshore-550/
25387,tubertini,Tubertini Maggi Box,Mare,3.90,5.50,megafish.it,famiglia,6.06,,,,cp_piu_economico,-9.2,https://www.megafish.it/valigette-e-contenitori/2957-tubertini-maggi-box-2-lt.html,https://clanpesca.com/prodotto/tubertini-maggi-box/
25418,tubertini,Canna Tubertini Ionic 2 TLS,Mare,139.00,159.00,escaepescashop.it,esatto,115.00,115.00,135.00,disponibile,cp_piu_caro,+20.9,https://escaepescashop.it/prodotto/canna-tubertini-ionic-2-tls/,https://clanpesca.com/prodotto/canna-tubertini-ionic-2-tls/
25418,tubertini,Canna Tubertini Ionic 2 TLS,Mare,139.00,159.00,megafish.it,esatto,136.25,,,,cp_piu_caro,+2.0,https://www.megafish.it/canne-surfcasting/7204-tubertini-ionic-2-tls.html,https://clanpesca.com/prodotto/canna-tubertini-ionic-2-tls/
25418,tubertini,Canna Tubertini Ionic 2 TLS,Mare,139.00,159.00,pescamia.eu,esatto,122.00,,,disponibile,cp_piu_caro,+13.9,https://www.pescamia.eu/product-page/tubertini-ionic-2-tls-4-25-metri-100-gr-canna-surfcasting,https://clanpesca.com/prodotto/canna-tubertini-ionic-2-tls/
25430,tubertini,Canna Tubertini Sylan,Mare,85.00,110.00,escaepescashop.it,famiglia,73.00,73.00,88.00,disponibile,cp_piu_caro,+16.4,https://escaepescashop.it/prodotto/tubertini-sylan/,https://clanpesca.com/prodotto/canna-tubertini-sylan/
25504,molix,Molix Finder Jerk EVO 110 Suspending Cm 11 Gr 9.5,Luccio,18.88,18.88,pescapromo.it,possibile,18.95,,,disponibile,cp_piu_economico,-0.4,https://pescapromo.it/t/esche-artificiali-minnow/molix-finder-jerk-evo-110-sp-suspending-crankbait-11cm-95g,https://clanpesca.com/prodotto/molix-finder-jerk-evo-110-suspending-cm-11-gr-9-5/
25535,molix,Molix Sneaky Worm,Spinning e Casting,7.10,7.10,bassstoreitaly.com,famiglia,6.49,,,disponibile,cp_piu_caro,+9.4,https://bassstoreitaly.com/it/molix-sneaky-worm,https://clanpesca.com/prodotto/molix-sneaky-worm/
25535,molix,Molix Sneaky Worm,Spinning e Casting,7.10,7.10,webpesca.it,famiglia,6.72,,,esaurito,cp_piu_caro,+5.7,https://www.webpesca.it/shop/artificiale-worm-molix-sneaky-worm-5-13-cm-shiny-shad/,https://clanpesca.com/prodotto/molix-sneaky-worm/
25729,molix,Molix Jugulo Wide Casting Jig Gr 30,Mare,13.50,13.50,bassstoreitaly.com,possibile,8.99,,,disponibile,cp_piu_caro,+50.2,https://bassstoreitaly.com/it/molix-jugulo-wide-casting-jig,https://clanpesca.com/prodotto/molix-jugulo-wide-casting-jig-gr-30/
25729,molix,Molix Jugulo Wide Casting Jig Gr 30,Mare,13.50,13.50,megafish.it,possibile,15.05,,,,cp_piu_economico,-10.3,https://www.megafish.it/jig/5872-molix-jugulo-wide-jig.html,https://clanpesca.com/prodotto/molix-jugulo-wide-casting-jig-gr-30/
25729,molix,Molix Jugulo Wide Casting Jig Gr 30,Mare,13.50,13.50,webpesca.it,esatto,12.72,,,esaurito,cp_piu_caro,+6.1,https://www.webpesca.it/shop/artificiale-metal-jig-molix-jugulo-wide-casting-6-5-cm-30-gr-fb-goby/,https://clanpesca.com/prodotto/molix-jugulo-wide-casting-jig-gr-30/
25874,molix,Molix Glide Bait 130 Dying,Spinning e Casting,29.99,29.99,bassstoreitaly.com,esatto,23.79,,,disponibile,cp_piu_caro,+26.1,https://bassstoreitaly.com/it/molix-glide-bait-130-dying,https://clanpesca.com/prodotto/molix-glide-130-dying/
25874,molix,Molix Glide Bait 130 Dying,Spinning e Casting,29.99,29.99,webpesca.it,possibile,26.80,,,esaurito,cp_piu_caro,+11.9,https://www.webpesca.it/shop/artificiale-swimbait-molix-glide-bait-f-dying-13-cm-25-gr-whiting/,https://clanpesca.com/prodotto/molix-glide-130-dying/
25878,molix,Molix Finder Jerk EVO 150 SS,Luccio,18.85,18.85,bassstoreitaly.com,esatto,18.60,,,disponibile,cp_piu_caro,+1.3,https://bassstoreitaly.com/it/molix-finder-jerk-evo-150-ss,https://clanpesca.com/prodotto/molix-finder-jerk-evo-150-ss/
25878,molix,Molix Finder Jerk EVO 150 SS,Luccio,18.85,18.85,webpesca.it,possibile,17.25,,,esaurito,cp_piu_caro,+9.3,https://www.webpesca.it/shop/artificiale-jerkbait-molix-finder-jerk-evo-ss-15-cm-24-gr-red-head/,https://clanpesca.com/prodotto/molix-finder-jerk-evo-150-ss/
25928,molix,Molix Jugulo Plus Casting Jig Gr 10,Mare,10.90,10.90,bassstoreitaly.com,possibile,9.49,,,disponibile,cp_piu_caro,+14.9,https://bassstoreitaly.com/it/molix-jugulo-plus-casting-jig,https://clanpesca.com/prodotto/molix-jugulo-plus-casting-jig-gr-10/
25928,molix,Molix Jugulo Plus Casting Jig Gr 10,Mare,10.90,10.90,webpesca.it,esatto,10.63,,,disponibile,cp_piu_caro,+2.5,https://www.webpesca.it/shop/artificiale-metal-jig-molix-jugulo-plus-casting-5-7-cm-10-gr-mx-holo/,https://clanpesca.com/prodotto/molix-jugulo-plus-casting-jig-gr-10/
25935,molix,Molix Jugulo Plus Casting Jig Gr 20,Mare,12.95,12.95,bassstoreitaly.com,possibile,9.49,,,disponibile,cp_piu_caro,+36.5,https://bassstoreitaly.com/it/molix-jugulo-plus-casting-jig,https://clanpesca.com/prodotto/molix-jugulo-plus-casting-jig-gr-20/
25935,molix,Molix Jugulo Plus Casting Jig Gr 20,Mare,12.95,12.95,webpesca.it,esatto,10.32,,,esaurito,cp_piu_caro,+25.5,https://www.webpesca.it/shop/artificiale-metal-jig-molix-jugulo-plus-casting-7-cm-20-gr-mx-holo/,https://clanpesca.com/prodotto/molix-jugulo-plus-casting-jig-gr-20/
25941,molix,Molix Jugulo Plus Casting Jig Gr 30,Mare,13.50,13.50,bassstoreitaly.com,possibile,9.49,,,disponibile,cp_piu_caro,+42.3,https://bassstoreitaly.com/it/molix-jugulo-plus-casting-jig,https://clanpesca.com/prodotto/molix-jugulo-plus-casting-jig-gr-30/
25941,molix,Molix Jugulo Plus Casting Jig Gr 30,Mare,13.50,13.50,webpesca.it,esatto,12.87,,,esaurito,cp_piu_caro,+4.9,https://www.webpesca.it/shop/artificiale-metal-jig-molix-jugulo-plus-casting-8-cm-30-gr-crazy-pink/,https://clanpesca.com/prodotto/molix-jugulo-plus-casting-jig-gr-30/
25953,molix,Molix Jugulo Plus Casting Jig Gr 40,Mare,14.50,14.50,bassstoreitaly.com,possibile,9.49,,,disponibile,cp_piu_caro,+52.8,https://bassstoreitaly.com/it/molix-jugulo-plus-casting-jig,https://clanpesca.com/prodotto/molix-jugulo-plus-casting-jig-gr-40/
25953,molix,Molix Jugulo Plus Casting Jig Gr 40,Mare,14.50,14.50,webpesca.it,esatto,13.65,,,esaurito,cp_piu_caro,+6.2,https://www.webpesca.it/shop/artificiale-metal-jig-molix-jugulo-plus-casting-9-cm-40-gr-crazy-pink/,https://clanpesca.com/prodotto/molix-jugulo-plus-casting-jig-gr-40/
25963,molix,Molix Jugulo Plus Casting Jig Gr 60,Mare,16.20,16.20,bassstoreitaly.com,possibile,9.49,,,disponibile,cp_piu_caro,+70.7,https://bassstoreitaly.com/it/molix-jugulo-plus-casting-jig,https://clanpesca.com/prodotto/molix-jugulo-plus-casting-jig-gr-60/
25963,molix,Molix Jugulo Plus Casting Jig Gr 60,Mare,16.20,16.20,webpesca.it,esatto,15.52,,,esaurito,cp_piu_caro,+4.4,https://www.webpesca.it/shop/artificiale-metal-jig-molix-jugulo-plus-casting-10-5-cm-60-gr-crazy-pink/,https://clanpesca.com/prodotto/molix-jugulo-plus-casting-jig-gr-60/
25972,molix,Molix Jugulo Plus Casting Jig Gr 80,Mare,16.20,16.20,bassstoreitaly.com,possibile,9.49,,,disponibile,cp_piu_caro,+70.7,https://bassstoreitaly.com/it/molix-jugulo-plus-casting-jig,https://clanpesca.com/prodotto/molix-jugulo-plus-casting-jig-gr-80/
25972,molix,Molix Jugulo Plus Casting Jig Gr 80,Mare,16.20,16.20,webpesca.it,possibile,10.32,,,esaurito,cp_piu_caro,+57.0,https://www.webpesca.it/shop/artificiale-metal-jig-molix-jugulo-plus-casting-7-cm-20-gr-mx-holo/,https://clanpesca.com/prodotto/molix-jugulo-plus-casting-jig-gr-80/
26005,reins,Reins Rockvibe Shad 2.3,Mare,6.90,6.90,bassstoreitaly.com,possibile,5.99,,,disponibile,cp_piu_caro,+15.2,https://bassstoreitaly.com/it/reins-rockvibe-shad,https://clanpesca.com/prodotto/reins-rockvibe-shad-2-3/
26059,reins,Reins G-Tail Saturn 2.5”,Mare,6.90,6.90,bassstoreitaly.com,possibile,6.49,,,disponibile,cp_piu_caro,+6.3,https://bassstoreitaly.com/it/reins-g-tail-saturn,https://clanpesca.com/prodotto/reins-g-tail-saturn-2-5/
26088,reins,"Reins S-Cape Shad 3.5""",Mare,8.50,8.50,bassstoreitaly.com,possibile,7.10,,,disponibile,cp_piu_caro,+19.7,https://bassstoreitaly.com/it/reins-s-cape-shad,https://clanpesca.com/prodotto/reins-s-cape-shad-3-5/
26100,reins,Reins S-Cape Shad 4.8,Luccio,8.50,8.50,bassstoreitaly.com,possibile,7.10,,,disponibile,cp_piu_caro,+19.7,https://bassstoreitaly.com/it/reins-s-cape-shad,https://clanpesca.com/prodotto/reins-s-cape-shad-4-8/
26159,lucky-john,Lucky John Kubira Swim Shad 10.3,Luccio,11.50,11.50,pescapromo.it,possibile,8.50,,,esaurito,cp_piu_caro,+35.3,https://pescapromo.it/t/shads/lucky-john-kubira-swim-shad,https://clanpesca.com/prodotto/lucky-john-kubira-swim-shad-10-3/
26185,lucky-john,Lucky John Kubira Swim Shad 7”,Luccio,8.50,8.50,pescapromo.it,possibile,8.50,,,esaurito,in_fascia,+0.0,https://pescapromo.it/t/shads/lucky-john-kubira-swim-shad,https://clanpesca.com/prodotto/lucky-john-kubira-swim-shad-7/
26189,lucky-john,Lucky John Kubira Swim Shad 9”,Luccio,7.50,7.50,pescapromo.it,possibile,8.50,,,esaurito,cp_piu_economico,-11.8,https://pescapromo.it/t/shads/lucky-john-kubira-swim-shad,https://clanpesca.com/prodotto/lucky-john-swim-shad-9/
26220,bkk,BKK Basilisk,Spinning e Casting,5.50,5.50,bassstoreitaly.com,famiglia,5.20,,,esaurito,cp_piu_caro,+5.8,https://bassstoreitaly.com/it/bkk-fishing-hooks-basilisk,https://clanpesca.com/prodotto/bkk-basilisk/
26220,bkk,BKK Basilisk,Spinning e Casting,5.50,5.50,pescapromo.it,famiglia,3.49,,,esaurito,cp_piu_caro,+57.6,https://pescapromo.it/t/ami-per-predatori/bkk-basilisk-offset-hook,https://clanpesca.com/prodotto/bkk-basilisk/
26233,bkk,BKK Siren #4/0,Spinning e Casting,4.95,4.95,bassstoreitaly.com,possibile,4.77,,,esaurito,cp_piu_caro,+3.8,https://bassstoreitaly.com/it/bkk-siren-worm-hook,https://clanpesca.com/prodotto/bkk-siren-4-0/
26233,bkk,BKK Siren #4/0,Spinning e Casting,4.95,4.95,pescapromo.it,possibile,3.49,,,esaurito,cp_piu_caro,+41.8,https://pescapromo.it/t/ami-per-predatori/ami-bkk-siren-worm-taglia-2-0-6-pezzi,https://clanpesca.com/prodotto/bkk-siren-4-0/
26234,bkk,BKK Siren #5/0,Spinning e Casting,4.95,4.95,bassstoreitaly.com,possibile,4.77,,,esaurito,cp_piu_caro,+3.8,https://bassstoreitaly.com/it/bkk-siren-worm-hook,https://clanpesca.com/prodotto/bkk-siren-5-0/
26234,bkk,BKK Siren #5/0,Spinning e Casting,4.95,4.95,pescapromo.it,possibile,3.49,,,esaurito,cp_piu_caro,+41.8,https://pescapromo.it/t/ami-per-predatori/ami-bkk-siren-worm-taglia-2-0-6-pezzi,https://clanpesca.com/prodotto/bkk-siren-5-0/
26235,bkk,BKK Siren #2/0,Spinning e Casting,4.95,4.95,bassstoreitaly.com,possibile,4.77,,,esaurito,cp_piu_caro,+3.8,https://bassstoreitaly.com/it/bkk-siren-worm-hook,https://clanpesca.com/prodotto/bkk-siren-2-0-2/
26235,bkk,BKK Siren #2/0,Spinning e Casting,4.95,4.95,pescapromo.it,probabile,3.49,,,esaurito,cp_piu_caro,+41.8,https://pescapromo.it/t/ami-per-predatori/ami-bkk-siren-worm-taglia-2-0-6-pezzi,https://clanpesca.com/prodotto/bkk-siren-2-0-2/
26236,bkk,BKK Siren,Spinning e Casting,4.95,4.95,bassstoreitaly.com,famiglia,4.77,,,esaurito,cp_piu_caro,+3.8,https://bassstoreitaly.com/it/bkk-siren-worm-hook,https://clanpesca.com/prodotto/bkk-siren/
26236,bkk,BKK Siren,Spinning e Casting,4.95,4.95,pescapromo.it,famiglia,3.49,,,esaurito,cp_piu_caro,+41.8,https://pescapromo.it/t/ami-per-predatori/ami-bkk-siren-worm-taglia-2-0-6-pezzi,https://clanpesca.com/prodotto/bkk-siren/
26255,bkk,BKK Permalock Weighted,Minuteria,7.90,9.10,bassstoreitaly.com,famiglia,7.49,,,disponibile,cp_piu_caro,+5.5,https://bassstoreitaly.com/it/bkk-fishing-hooks-armor-point-tungsten-permalock-weighted,https://clanpesca.com/prodotto/bkk-permalock-weighted/
26268,bkk,BKK Dropshot Long Shank Armor Point,Spinning e Casting,6.49,6.49,bassstoreitaly.com,famiglia,6.49,,,disponibile,in_fascia,+0.0,https://bassstoreitaly.com/it/bkk-fishing-hooks-armor-point-dropshot-long-shank,https://clanpesca.com/prodotto/bkk-dropshot-long-shank/
26287,bkk,BKK Titan Diver,Luccio,8.90,10.50,bassstoreitaly.com,famiglia,7.39,,,disponibile,cp_piu_caro,+20.4,https://bassstoreitaly.com/it/bkk-fishing-hooks-titan-diver-2,https://clanpesca.com/prodotto/bkk-titan-diver/
26287,bkk,BKK Titan Diver,Luccio,8.90,10.50,pescapromo.it,famiglia,7.95,,,esaurito,cp_piu_caro,+11.9,https://pescapromo.it/t/ami-per-predatori/ami-bkk-titandiver-gold,https://clanpesca.com/prodotto/bkk-titan-diver/
26309,bkk,BKK Dropshot Armor Point,Spinning e Casting,5.50,5.50,bassstoreitaly.com,famiglia,6.49,,,disponibile,cp_piu_economico,-15.3,https://bassstoreitaly.com/it/bkk-fishing-hooks-armor-point-dropshot-long-shank,https://clanpesca.com/prodotto/bkk-dropshot-armor-point/
26342,bkk,BKK Silent Chaser EWG,Luccio,6.50,6.50,pescapromo.it,famiglia,3.49,,,esaurito,cp_piu_caro,+86.2,https://pescapromo.it/t/teste-piombate/bkk-silent-chaser-1x-ewg-round-head-jighead-1,https://clanpesca.com/prodotto/bkk-silent-chaser-ewg/
26420,molix,"Molix RT Shad 4"" Slim",Mare,10.50,10.50,bassstoreitaly.com,possibile,8.69,,,disponibile,cp_piu_caro,+20.8,https://bassstoreitaly.com/it/molix-rt-shad-slim,https://clanpesca.com/prodotto/molix-rt-shad-4-slim/
26420,molix,"Molix RT Shad 4"" Slim",Mare,10.50,10.50,pescapromo.it,esatto,11.35,,,disponibile,cp_piu_economico,-7.5,https://pescapromo.it/t/shads/molix-rt-shad-4-slim-shad-10cm-5-pezzi,https://clanpesca.com/prodotto/molix-rt-shad-4-slim/
26420,molix,"Molix RT Shad 4"" Slim",Mare,10.50,10.50,webpesca.it,esatto,10.32,,,esaurito,cp_piu_caro,+1.7,https://www.webpesca.it/shop/artificiale-shad-molix-rt-shad-slim-4-10-cm-white/,https://clanpesca.com/prodotto/molix-rt-shad-4-slim/
26467,molix,Molix SG Multi Pliers,Luccio,17.98,22.50,escaepescashop.it,famiglia,19.90,19.90,24.90,disponibile,in_fascia,+0.0,https://escaepescashop.it/prodotto/molix-sg-multi-pliers/,https://clanpesca.com/prodotto/molix-sg-multi-pliers/
26592,major-craft,Mulinello Ceana Major Craft,Luccio,110.00,119.00,bassstoreitaly.com,famiglia,124.99,,,disponibile,cp_piu_economico,-4.8,https://bassstoreitaly.com/it/major-craft-ceana-italy-edition,https://clanpesca.com/prodotto/mulinello-ceana-major-craft/
26592,major-craft,Mulinello Ceana Major Craft,Luccio,110.00,119.00,escaepescashop.it,famiglia,99.00,99.00,115.00,disponibile,cp_piu_caro,+11.1,https://escaepescashop.it/prodotto/major-craft-ceana-fw-spinning/,https://clanpesca.com/prodotto/mulinello-ceana-major-craft/
26592,major-craft,Mulinello Ceana Major Craft,Luccio,110.00,119.00,pescapromo.it,famiglia,88.30,,,disponibile,cp_piu_caro,+24.6,https://pescapromo.it/t/canne-da-spinning/canna-da-spinning-major-craft-ceana,https://clanpesca.com/prodotto/mulinello-ceana-major-craft/
26637,airrus,AIRrus Spinning Marmorea,Spinning e Casting,299.99,299.99,bassstoreitaly.com,famiglia,299.99,,,disponibile,in_fascia,+0.0,https://bassstoreitaly.com/it/airrus-marmorea-spinning-,https://clanpesca.com/prodotto/airrus-spinning-marmorea/
26873,molix,Molix Glide Bait 140 Slow Sinking Cm 14 Gr 68,Luccio,29.88,29.88,pescapromo.it,possibile,25.60,,,disponibile,cp_piu_caro,+16.7,https://pescapromo.it/t/swimbaits/molix-glide-bait-130-slow-sinking-swimbait-13cm-30g,https://clanpesca.com/prodotto/molix-glide-bait-140-slow-sinking-cm-14-gr-68/
26915,molix,Molix Stick Flex 2.75  Cm 7,Spinning e Casting,7.15,7.15,bassstoreitaly.com,possibile,5.44,,,disponibile,cp_piu_caro,+31.4,https://bassstoreitaly.com/it/molix-stick-flex,https://clanpesca.com/prodotto/molix-stick-flex-2-75-cm-7/
26915,molix,Molix Stick Flex 2.75  Cm 7,Spinning e Casting,7.15,7.15,webpesca.it,esatto,6.40,,,esaurito,cp_piu_caro,+11.7,https://www.webpesca.it/shop/artificiale-stickbait-molix-stick-flex-2-75-7-cm-watermelon/,https://clanpesca.com/prodotto/molix-stick-flex-2-75-cm-7/
26944,molix,Molix Stick Flex 4.5 Cm 11.40,Minuteria,6.79,6.79,bassstoreitaly.com,possibile,5.44,,,disponibile,cp_piu_caro,+24.8,https://bassstoreitaly.com/it/molix-stick-flex,https://clanpesca.com/prodotto/molix-stick-flex-4-5-cm-11-40/
26944,molix,Molix Stick Flex 4.5 Cm 11.40,Minuteria,6.79,6.79,webpesca.it,possibile,5.99,,,esaurito,cp_piu_caro,+13.4,https://www.webpesca.it/shop/artificiale-stickbait-molix-stick-flex-4-5-11-4-cm-alewife/,https://clanpesca.com/prodotto/molix-stick-flex-4-5-cm-11-40/
27161,mikado,Mikado Cat Territory,Luccio,59.00,65.00,pescapromo.it,famiglia,43.95,,,esaurito,cp_piu_caro,+34.2,https://pescapromo.it/t/mulinelli/mulinello-mikado-cat-territory,https://clanpesca.com/prodotto/mikado-cat-territory/
27220,vision,Vision SpinFly Dobb Daddy Cm 28 Gr 24,Luccio,14.50,14.50,bassstoreitaly.com,possibile,14.99,,,esaurito,cp_piu_economico,-3.3,https://bassstoreitaly.com/it/vision-dobb-daddy-spin-fly,https://clanpesca.com/prodotto/vision-spinfly-dobb-daddy-cm-28-gr-24/
27239,vision,Vision Dobb Daddy Dobb,Luccio,6.50,6.50,bassstoreitaly.com,famiglia,14.99,,,esaurito,cp_piu_economico,-56.6,https://bassstoreitaly.com/it/vision-dobb-daddy-spin-fly,https://clanpesca.com/prodotto/dobb-daddy-dobb/
27258,tubertini,Tubertini Mulinello Xide,Mare,33.00,41.00,escaepescashop.it,famiglia,41.00,41.00,44.00,esaurito,in_fascia,+0.0,https://escaepescashop.it/prodotto/mulinello-tubertini-xide/,https://clanpesca.com/prodotto/tubertini-mulinello-xide/
27403,little-jack,Little Jack Metal Adict Type 0 Gr 20,Mare,12.90,12.90,bassstoreitaly.com,possibile,11.35,,,disponibile,cp_piu_caro,+13.7,https://bassstoreitaly.com/it/little-jack-metal-adict-type-zero,https://clanpesca.com/prodotto/metal-adict-gr-20/
27403,little-jack,Little Jack Metal Adict Type 0 Gr 20,Mare,12.90,12.90,escaepescashop.it,possibile,10.00,10.00,11.00,esaurito,cp_piu_caro,+29.0,https://escaepescashop.it/prodotto/little-jack-metal-adict-type-01/,https://clanpesca.com/prodotto/metal-adict-gr-20/
27420,little-jack,Little Jack Metal Adict Type 0 Gr 30,Mare,13.95,13.95,bassstoreitaly.com,possibile,11.35,,,disponibile,cp_piu_caro,+22.9,https://bassstoreitaly.com/it/little-jack-metal-adict-type-zero,https://clanpesca.com/prodotto/metal-adict-30/
27420,little-jack,Little Jack Metal Adict Type 0 Gr 30,Mare,13.95,13.95,escaepescashop.it,possibile,10.00,10.00,11.00,esaurito,cp_piu_caro,+39.5,https://escaepescashop.it/prodotto/little-jack-metal-adict-type-01/,https://clanpesca.com/prodotto/metal-adict-30/
27433,little-jack,Little Jack Metal Adict Type 0 Gr 40,Mare,14.50,14.50,bassstoreitaly.com,possibile,11.35,,,disponibile,cp_piu_caro,+27.8,https://bassstoreitaly.com/it/little-jack-metal-adict-type-zero,https://clanpesca.com/prodotto/little-jack-metal-adict-type-0-gr-40/
27433,little-jack,Little Jack Metal Adict Type 0 Gr 40,Mare,14.50,14.50,escaepescashop.it,possibile,10.00,10.00,11.00,esaurito,cp_piu_caro,+45.0,https://escaepescashop.it/prodotto/little-jack-metal-adict-type-01/,https://clanpesca.com/prodotto/little-jack-metal-adict-type-0-gr-40/
27453,little-jack,Little Jack Metal Adict Type 1 Gr 12,Mare,11.50,11.50,bassstoreitaly.com,possibile,11.35,,,disponibile,cp_piu_caro,+1.3,https://bassstoreitaly.com/it/little-jack-metal-adict-type-zero,https://clanpesca.com/prodotto/little-jack-metal-adict-type-1-gr-12/
27453,little-jack,Little Jack Metal Adict Type 1 Gr 12,Mare,11.50,11.50,escaepescashop.it,possibile,10.00,10.00,11.00,esaurito,cp_piu_caro,+15.0,https://escaepescashop.it/prodotto/little-jack-metal-adict-type-01/,https://clanpesca.com/prodotto/little-jack-metal-adict-type-1-gr-12/
27472,little-jack,Little Jack Metal Adict Type 1 Gr 18,Mare,11.50,11.50,bassstoreitaly.com,possibile,11.35,,,disponibile,cp_piu_caro,+1.3,https://bassstoreitaly.com/it/little-jack-metal-adict-type-zero,https://clanpesca.com/prodotto/little-jack-metal-adict-type-1-gr-18/
27472,little-jack,Little Jack Metal Adict Type 1 Gr 18,Mare,11.50,11.50,escaepescashop.it,possibile,10.00,10.00,11.00,esaurito,cp_piu_caro,+15.0,https://escaepescashop.it/prodotto/little-jack-metal-adict-type-01/,https://clanpesca.com/prodotto/little-jack-metal-adict-type-1-gr-18/
27497,little-jack,Little Jack Metal Adict Type 1 Gr 30,Mare,12.50,12.50,bassstoreitaly.com,possibile,11.35,,,disponibile,cp_piu_caro,+10.1,https://bassstoreitaly.com/it/little-jack-metal-adict-type-zero,https://clanpesca.com/prodotto/little-jack-metal-adict-type-1-gr-30/
27497,little-jack,Little Jack Metal Adict Type 1 Gr 30,Mare,12.50,12.50,escaepescashop.it,possibile,10.00,10.00,11.00,esaurito,cp_piu_caro,+25.0,https://escaepescashop.it/prodotto/little-jack-metal-adict-type-01/,https://clanpesca.com/prodotto/little-jack-metal-adict-type-1-gr-30/
27907,hart,Hart Magnet 135 mm 26 gr,Luccio,12.00,12.00,bassstoreitaly.com,possibile,11.59,,,esaurito,cp_piu_caro,+3.5,https://bassstoreitaly.com/it/hart-magnet,https://clanpesca.com/prodotto/hart-magnet-135-mm-26-gr/
27979,favorite,Favorite Alligator Casting,Luccio,245.00,279.00,bassstoreitaly.com,famiglia,229.00,,,disponibile,cp_piu_caro,+7.0,https://bassstoreitaly.com/it/favorite-alligator-casting,https://clanpesca.com/prodotto/favorite-alligator-casting/
27988,fiiish,Fiiish Double Combo Pug 7 Gr,Mare,14.90,14.90,bassstoreitaly.com,possibile,12.68,,,disponibile,cp_piu_caro,+17.5,https://bassstoreitaly.com/it/fiiish-leurres-black-minnow-double-combo-pug,https://clanpesca.com/prodotto/fiiish-double-combo-pug-7-gr/
27991,fiiish,Fiiish Double Combo Pug 16 Gr,Mare,15.90,15.90,bassstoreitaly.com,possibile,12.68,,,disponibile,cp_piu_caro,+25.4,https://bassstoreitaly.com/it/fiiish-leurres-black-minnow-double-combo-pug,https://clanpesca.com/prodotto/fiiish-double-combo-pug-16-gr/
28015,bkk,BKK CHAIN-21 STINGER,Luccio,5.99,5.99,bassstoreitaly.com,esatto,5.99,,,disponibile,in_fascia,+0.0,https://bassstoreitaly.com/it/bkk-fishing-hooks-chain-21-stinger-rig,https://clanpesca.com/prodotto/bkk-chain-21-stinger/
28015,bkk,BKK CHAIN-21 STINGER,Luccio,5.99,5.99,pescapromo.it,esatto,5.95,,,esaurito,cp_piu_caro,+0.7,https://pescapromo.it/t/terminali-con-stingers/bkk-chain-21-stinger-rig,https://clanpesca.com/prodotto/bkk-chain-21-stinger/
28032,tubertini,Tubertini Pencil Feeder,Tecniche Varie,125.00,129.00,escaepescashop.it,famiglia,89.00,89.00,105.00,disponibile,cp_piu_caro,+40.4,https://escaepescashop.it/prodotto/tubertini-pencil-feeder/,https://clanpesca.com/prodotto/tubertini-pencil-feeder/
28097,carson,Carson Cat Stige Power Nylon Leader Mt 50 Lb 165,Siluro,12.00,12.00,bassstoreitaly.com,possibile,8.59,,,disponibile,cp_piu_caro,+39.7,https://bassstoreitaly.com/it/carson-cat-stige-power-leader,https://clanpesca.com/prodotto/carson-cat-stige-power-nylon-leader-mt-50-lb-165/
28118,tubertini,Tubertini Raider Handle,Mare,14.95,22.90,megafish.it,famiglia,15.15,,,,in_fascia,+0.0,https://www.megafish.it/guadini-e-nasse-pesca/6778-manico-guadino-tubertini-raider-handle.html,https://clanpesca.com/prodotto/tubertini-raider-handle/
28237,heron,Heron Lucciola,Spinning e Casting,2.10,2.50,bassstoreitaly.com,famiglia,2.19,,,disponibile,in_fascia,+0.0,https://bassstoreitaly.com/it/heron-lucciola,https://clanpesca.com/prodotto/heron-lucciola/
28247,heron,Heron Lucciola Amo Singolo,Artificiali,2.10,2.50,bassstoreitaly.com,famiglia,2.29,,,disponibile,in_fascia,+0.0,https://bassstoreitaly.com/it/heron-lucciola-amo-singolo,https://clanpesca.com/prodotto/heron-lucciola-amo-singolo/
28300,heron,Heron Lucciola Tandem,Spinning e Casting,2.30,3.30,bassstoreitaly.com,famiglia,2.49,,,disponibile,in_fascia,+0.0,https://bassstoreitaly.com/it/heron-lucciola-tandem,https://clanpesca.com/prodotto/heron-lucciola-tandem/
28315,heron,Heron Crack,Spinning e Casting,2.70,4.90,bassstoreitaly.com,famiglia,2.79,,,disponibile,in_fascia,+0.0,https://bassstoreitaly.com/it/heron_crack,https://clanpesca.com/prodotto/heron-crack/
28375,heron,Heron Crack Tandem,Spinning e Casting,3.40,5.40,bassstoreitaly.com,famiglia,3.99,,,disponibile,in_fascia,+0.0,https://bassstoreitaly.com/it/heron-crack-tandem,https://clanpesca.com/prodotto/heron-crack-tandem/
28410,heron,Heron Fario,Spinning e Casting,3.50,3.90,bassstoreitaly.com,famiglia,2.79,,,disponibile,cp_piu_caro,+25.4,https://bassstoreitaly.com/it/heron-crack-fario-trout-hunter,https://clanpesca.com/prodotto/heron-fario/
28451,molix,Molix RT Shad 2.8,Mare,10.37,10.37,bassstoreitaly.com,possibile,8.44,,,disponibile,cp_piu_caro,+22.9,https://bassstoreitaly.com/it/molix-rt-shad,https://clanpesca.com/prodotto/molix-rt-shad-2-8/
28451,molix,Molix RT Shad 2.8,Mare,10.37,10.37,escaepescashop.it,possibile,10.90,,,disponibile,cp_piu_economico,-4.9,https://escaepescashop.it/prodotto/molix-rt-shad/,https://clanpesca.com/prodotto/molix-rt-shad-2-8/
28451,molix,Molix RT Shad 2.8,Mare,10.37,10.37,pescapromo.it,possibile,9.95,,,esaurito,cp_piu_caro,+4.2,https://pescapromo.it/t/shads/molix-rt-flip-tail-shad-9-65cm-21g,https://clanpesca.com/prodotto/molix-rt-shad-2-8/
28451,molix,Molix RT Shad 2.8,Mare,10.37,10.37,webpesca.it,esatto,9.20,,,esaurito,cp_piu_caro,+12.7,https://www.webpesca.it/shop/artificiale-shad-molix-rt-shad-2-8-7-cm-olive/,https://clanpesca.com/prodotto/molix-rt-shad-2-8/
28531,heron,Heron Ondulante Doppio,Luccio,6.30,6.80,bassstoreitaly.com,famiglia,5.90,,,disponibile,cp_piu_caro,+6.8,https://bassstoreitaly.com/it/heron-ondulante-doppio,https://clanpesca.com/prodotto/heron-ondulante-doppio/
28538,heron,Heron Nylon Crack 1 Mt 160,Luccio,6.50,8.90,bassstoreitaly.com,possibile,2.79,,,disponibile,cp_piu_caro,+133.0,https://bassstoreitaly.com/it/heron_crack,https://clanpesca.com/prodotto/heron-nylon-crack-1-mt-160/
28789,fiiish,Fiiish Pit Swimmer Bodies Cm 10 Gr 7.5,Luccio,12.50,12.50,bassstoreitaly.com,possibile,11.55,,,disponibile,cp_piu_caro,+8.2,https://bassstoreitaly.com/it/fiiish-leurres-pit-swimmer-bodies,https://clanpesca.com/prodotto/fiiish-pit-swimmer-bodies-cm-10-gr-7-5/
28797,fiiish,Fiiish Pit Swimmer Bodies Cm 12.5 Gr 15,Luccio,14.50,14.50,bassstoreitaly.com,possibile,11.55,,,disponibile,cp_piu_caro,+25.5,https://bassstoreitaly.com/it/fiiish-leurres-pit-swimmer-bodies,https://clanpesca.com/prodotto/fiiish-pit-swimmer-bodies-cm-12-5-gr-15/
28806,fiiish,Fiiish Pit Swimmer Bodies Cm 15 Gr 25,Luccio,15.50,15.50,bassstoreitaly.com,possibile,11.55,,,disponibile,cp_piu_caro,+34.2,https://bassstoreitaly.com/it/fiiish-leurres-pit-swimmer-bodies,https://clanpesca.com/prodotto/fiiish-pit-swimmer-bodies-cm-15-gr-25/
28900,fox-rage,Fox Rage Replicant Super Natural Carp Cm 18 Gr 104,Luccio,13.99,13.99,bassstoreitaly.com,possibile,9.99,,,disponibile,cp_piu_caro,+40.0,https://bassstoreitaly.com/it/fox-rage-super-natural-replicant-carp,https://clanpesca.com/prodotto/fox-rage-replicant-super-natural-carp-cm-18-gr-104/
28912,tamura,Tamura Cranky Slim F-Lip Cm 6.3 Gr 9.5,Luccio,8.90,8.90,bassstoreitaly.com,possibile,5.99,,,disponibile,cp_piu_caro,+48.6,https://bassstoreitaly.com/it/carson-tamura-cranky-slim-f-lip,https://clanpesca.com/prodotto/tamura-cranky-slim-f-lip-cm-6-3-gr-9-5/
28938,fox-rage,Fox Rage Replicant Wobble Cm 18 Gr 90,Luccio,9.99,13.99,bassstoreitaly.com,possibile,5.49,,,disponibile,cp_piu_caro,+82.0,https://bassstoreitaly.com/it/fox-rage-wobble-replicant-micro,https://clanpesca.com/prodotto/fox-rage-replicant-wobble-cm-18-gr-90/
28938,fox-rage,Fox Rage Replicant Wobble Cm 18 Gr 90,Luccio,9.99,13.99,pescapromo.it,possibile,4.58,,,esaurito,cp_piu_caro,+118.1,https://pescapromo.it/t/swimbaits/fox-rage-replicant-wobble-7-5cm,https://clanpesca.com/prodotto/fox-rage-replicant-wobble-cm-18-gr-90/
28964,fox-rage,Fox Rage Super Slick Shad Cm 28 Gr 170,Luccio,8.95,8.95,bassstoreitaly.com,possibile,9.49,,,disponibile,cp_piu_economico,-5.7,https://bassstoreitaly.com/it/fox-rage-super-slick-shad,https://clanpesca.com/prodotto/fox-rage-super-slick-shad-cm-28-gr-170/
28964,fox-rage,Fox Rage Super Slick Shad Cm 28 Gr 170,Luccio,8.95,8.95,pescapromo.it,possibile,9.45,,,disponibile,cp_piu_economico,-5.3,https://pescapromo.it/t/shads/fox-rage-super-slick-pro-shad-piombato-18cm-49g,https://clanpesca.com/prodotto/fox-rage-super-slick-shad-cm-28-gr-170/
29037,carson,Carson Canna CatSpin II,Siluro,110.00,110.00,bassstoreitaly.com,famiglia,89.99,,,esaurito,cp_piu_caro,+22.2,https://bassstoreitaly.com/it/carson-catspin-ii-spinning,https://clanpesca.com/prodotto/carson-canna-catspin-ii/
29068,tamura,Tamura Chatterbait,Spinning e Casting,5.60,6.00,bassstoreitaly.com,famiglia,3.59,,,disponibile,cp_piu_caro,+56.0,https://bassstoreitaly.com/it/carson-tamura-chatter-bait,https://clanpesca.com/prodotto/tamura-chatterbait/
29256,nories,Nories Rooney 1.8,Trout Area,5.99,5.99,bassstoreitaly.com,possibile,6.49,,,disponibile,cp_piu_economico,-7.7,https://bassstoreitaly.com/it/nories-rooney,https://clanpesca.com/prodotto/nories-rooney-1-8/
29283,nories,Nories Rooney 2.2,Trout Area,5.99,6.99,bassstoreitaly.com,possibile,6.49,,,disponibile,in_fascia,+0.0,https://bassstoreitaly.com/it/nories-rooney,https://clanpesca.com/prodotto/nories-rooney-2-2/
29321,nories,Nories Rooney 2.8,Trout Area,5.99,6.99,bassstoreitaly.com,possibile,6.49,,,disponibile,in_fascia,+0.0,https://bassstoreitaly.com/it/nories-rooney,https://clanpesca.com/prodotto/nories-rooney-2-8-2/
29364,nories,Nories Sofia Gr 1.6,Trout Area,5.99,6.99,bassstoreitaly.com,possibile,6.50,,,disponibile,in_fascia,+0.0,https://bassstoreitaly.com/it/nories-sofia-limited,https://clanpesca.com/prodotto/nories-sofia-gr-1-6/
29390,nories,Nories Spoon Tulle Gr 3.0,Trout Area,6.99,6.99,bassstoreitaly.com,possibile,6.25,,,disponibile,cp_piu_caro,+11.8,https://bassstoreitaly.com/it/nories-tulle-spoon,https://clanpesca.com/prodotto/nories-spoon-tulle-gr-3-0/
29408,nories,Nories Spoon Tulle Gr 3.5,Trout Area,6.99,6.99,bassstoreitaly.com,possibile,6.25,,,disponibile,cp_piu_caro,+11.8,https://bassstoreitaly.com/it/nories-tulle-spoon,https://clanpesca.com/prodotto/nories-spoon-tulle-gr-3-5/
29523,righetti-bait-system,Righetti Stickworm Cm 8.5,Spinning e Casting,6.95,6.95,bassstoreitaly.com,possibile,6.90,,,disponibile,cp_piu_caro,+0.7,https://bassstoreitaly.com/it/righetti-bait-system-stickworm,https://clanpesca.com/prodotto/righetti-stickworm-cm-8-5/
30030,blackbay,Blackbay BlackBug Beetle,Luccio,39.95,39.95,pescapromo.it,famiglia,29.95,,,disponibile,cp_piu_caro,+33.4,https://pescapromo.it/t/shads/blackbay-blackbug-beetle-junior-bucktail-jig-17cm-35g,https://clanpesca.com/prodotto/blackbay-blackbug-beetle/
30043,blackbay,Blackbay BlackBug Beetle Junior,Luccio,29.95,29.95,pescapromo.it,famiglia,29.95,,,disponibile,in_fascia,+0.0,https://pescapromo.it/t/shads/blackbay-blackbug-beetle-junior-bucktail-jig-17cm-35g,https://clanpesca.com/prodotto/blackbay-blackbug-beetle-junior/
30052,bkk,BKK Spoon-10 SS,Trout Area,4.20,4.20,bassstoreitaly.com,possibile,4.57,,,disponibile,cp_piu_economico,-8.1,https://bassstoreitaly.com/it/bkk-fishing-hooks-spoon-22-ss,https://clanpesca.com/prodotto/bkk-spoon-10-ss/
30143,ecogear,Ecogear Grass Minnow M,Mare,6.95,6.95,bassstoreitaly.com,famiglia,6.85,,,disponibile,cp_piu_caro,+1.5,https://bassstoreitaly.com/it/ecogear-grass-minnow,https://clanpesca.com/prodotto/ecogear-grass-minnow-m/
30162,ecogear,Ecogear Grass Minnow S,Mare,7.95,7.95,bassstoreitaly.com,famiglia,6.85,,,disponibile,cp_piu_caro,+16.1,https://bassstoreitaly.com/it/ecogear-grass-minnow,https://clanpesca.com/prodotto/ecogear-grass-minnow-s/
30697,molix,Molix Glide Bait 90 SS CM 9 Gr 12.5,Siluro,17.98,17.98,escaepescashop.it,possibile,18.90,,,disponibile,cp_piu_economico,-4.9,https://escaepescashop.it/prodotto/molix-glide-bait-90-ss/,https://clanpesca.com/prodotto/molix-glide-bait-90-ss-cm-9-gr-12-5/
30697,molix,Molix Glide Bait 90 SS CM 9 Gr 12.5,Siluro,17.98,17.98,webpesca.it,possibile,26.80,,,esaurito,cp_piu_economico,-32.9,https://www.webpesca.it/shop/artificiale-swimbait-molix-glide-bait-ss-17-8-cm-73-gr-mx-blue/,https://clanpesca.com/prodotto/molix-glide-bait-90-ss-cm-9-gr-12-5/
30737,molix,Molix RA Shad 4 Flat,Mare,7.99,7.99,bassstoreitaly.com,possibile,6.95,,,disponibile,cp_piu_caro,+15.0,https://bassstoreitaly.com/it/molix-ra-shad-flat,https://clanpesca.com/prodotto/molix-ra-shad-4-flat/
30789,favorite,Favorite Alligator Travel,Luccio,274.00,284.00,bassstoreitaly.com,famiglia,257.89,,,disponibile,cp_piu_caro,+6.2,https://bassstoreitaly.com/it/favorite-alligator-travel-casting,https://clanpesca.com/prodotto/favorite-alligator-travel/
30859,nories,Nories Joint Fukabait 127 mm 44 Gr,Luccio,39.90,39.90,bassstoreitaly.com,possibile,39.99,,,esaurito,cp_piu_economico,-0.2,https://bassstoreitaly.com/it/nories-joint-fuka-bait,https://clanpesca.com/prodotto/nories-joint-fukabait-127-mm-44-gr/
30881,hideup,HideUp Coike Thunder Elastomer,Spinning e Casting,21.00,21.00,bassstoreitaly.com,famiglia,19.90,,,disponibile,cp_piu_caro,+5.5,https://bassstoreitaly.com/it/hideup-coike-thunder-elastomer,https://clanpesca.com/prodotto/hideup-coike-thunder-elastomer/
30903,nories,"Nories Clionex 2""",Spinning e Casting,10.50,10.50,bassstoreitaly.com,possibile,9.99,,,disponibile,cp_piu_caro,+5.1,https://bassstoreitaly.com/it/nories-clionex,https://clanpesca.com/prodotto/nories-clionex-2/
31003,nories,"Nories Front Flapper Curly 4""",Spinning e Casting,12.50,12.50,bassstoreitaly.com,possibile,12.49,,,disponibile,cp_piu_caro,+0.1,https://bassstoreitaly.com/it/nories-front-flapper-curly,https://clanpesca.com/prodotto/nories-front-flapper-curly-4/
31016,nories,"Nories Sankaku T-San 5""",Spinning e Casting,9.00,9.00,bassstoreitaly.com,possibile,7.20,,,disponibile,cp_piu_caro,+25.0,https://bassstoreitaly.com/it/nories-sankaku-ko-t-san,https://clanpesca.com/prodotto/nories-sankaku-t-san-5/
31029,nories,"Nories Lady Fish 3-1/2""",Spinning e Casting,9.50,9.50,bassstoreitaly.com,possibile,9.59,,,disponibile,cp_piu_economico,-0.9,https://bassstoreitaly.com/it/nories-lady-fish,https://clanpesca.com/prodotto/nories-lady-fish-3-1-2/
31044,gator,Gator Catfish 11 cm,Spinning e Casting,6.95,6.95,pescapromo.it,possibile,3.95,,,esaurito,cp_piu_caro,+75.9,https://pescapromo.it/t/shads/gator-catfish-11cm-shad,https://clanpesca.com/prodotto/gator-catfish-11-cm/
31046,gator,Gator Catfish 25 Cm,Luccio,11.95,11.95,pescapromo.it,possibile,3.95,,,esaurito,cp_piu_caro,+202.5,https://pescapromo.it/t/shads/gator-catfish-11cm-shad,https://clanpesca.com/prodotto/gator-catfish-25-cm/
31056,gator,Gator Catfish 35 cm,Luccio,21.95,21.95,pescapromo.it,possibile,13.95,,,esaurito,cp_piu_caro,+57.3,https://pescapromo.it/t/shads/gator-catfish-25cm-shad,https://clanpesca.com/prodotto/gator-catfish-35-cm/
31094,gator,Gator Gum 12 cm,Spinning e Casting,6.95,6.95,pescapromo.it,possibile,3.95,,,esaurito,cp_piu_caro,+75.9,https://pescapromo.it/t/shads/gator-gum-shad-18cm-45g,https://clanpesca.com/prodotto/gator-gum-12-cm/
31104,gator,Gator Gum 18 cm,Luccio,7.95,7.95,pescapromo.it,possibile,3.95,,,esaurito,cp_piu_caro,+101.3,https://pescapromo.it/t/shads/gator-gum-shad-18cm-45g,https://clanpesca.com/prodotto/gator-gum-18-cm/
31118,gator,Gator Gum 9 Cm,Spinning e Casting,6.95,6.95,pescapromo.it,possibile,3.95,,,esaurito,cp_piu_caro,+75.9,https://pescapromo.it/t/shads/gator-gum-shad-18cm-45g,https://clanpesca.com/prodotto/gator-gum-9-cm/
31144,gator,Gator Gum 27 Cm,Luccio,14.95,14.95,pescapromo.it,possibile,3.95,,,esaurito,cp_piu_caro,+278.5,https://pescapromo.it/t/shads/gator-gum-shad-18cm-45g,https://clanpesca.com/prodotto/gator-gum-27-cm/
31167,gator,Gator Superslow 15 Cm,Luccio,11.95,11.95,pescapromo.it,possibile,9.95,,,disponibile,cp_piu_caro,+20.1,https://pescapromo.it/t/shads/gator-superslow-shad-20cm-75g,https://clanpesca.com/prodotto/gator-superslow-15-cm/
31190,gator,Gator Superslow 20 cm,Luccio,11.95,11.95,pescapromo.it,possibile,9.95,,,disponibile,cp_piu_caro,+20.1,https://pescapromo.it/t/shads/gator-superslow-shad-20cm-75g,https://clanpesca.com/prodotto/gator-superslow-20-cm/
31212,gator,Gator Superslow 25 cm,Luccio,11.95,11.95,pescapromo.it,possibile,9.95,,,disponibile,cp_piu_caro,+20.1,https://pescapromo.it/t/shads/gator-superslow-shad-20cm-75g,https://clanpesca.com/prodotto/gator-superslow-25-cm/
31267,molix,Molix Sight Marker,Luccio,2.98,2.98,bassstoreitaly.com,famiglia,2.85,,,disponibile,cp_piu_caro,+4.6,https://bassstoreitaly.com/it/molix-sight-marker,https://clanpesca.com/prodotto/molix-sight-marker/
31390,major-craft,Major Craft Ceana Italy Edition,Luccio,135.00,155.00,bassstoreitaly.com,famiglia,124.99,,,disponibile,cp_piu_caro,+8.0,https://bassstoreitaly.com/it/major-craft-ceana-italy-edition,https://clanpesca.com/prodotto/major-craft-ceana-italy-edition/
31390,major-craft,Major Craft Ceana Italy Edition,Luccio,135.00,155.00,escaepescashop.it,famiglia,129.00,129.00,149.00,disponibile,cp_piu_caro,+4.7,https://escaepescashop.it/prodotto/major-craft-ceana-italy-edition/,https://clanpesca.com/prodotto/major-craft-ceana-italy-edition/
31765,molix,Molix Jubarino Cm 5 Gr 2.5,Spinning e Casting,11.95,11.95,bassstoreitaly.com,possibile,10.99,,,disponibile,cp_piu_caro,+8.7,https://bassstoreitaly.com/it/molix-jubarino-,https://clanpesca.com/prodotto/molix-jubarino-cm-5-gr-2-5/
31765,molix,Molix Jubarino Cm 5 Gr 2.5,Spinning e Casting,11.95,11.95,escaepescashop.it,possibile,10.90,,,disponibile,cp_piu_caro,+9.6,https://escaepescashop.it/prodotto/molix-jubarino/,https://clanpesca.com/prodotto/molix-jubarino-cm-5-gr-2-5/
31765,molix,Molix Jubarino Cm 5 Gr 2.5,Spinning e Casting,11.95,11.95,webpesca.it,esatto,10.80,,,esaurito,cp_piu_caro,+10.6,https://www.webpesca.it/shop/artificiale-jerkbait-molix-jubarino-5-cm-2-5-gr-chart-black/,https://clanpesca.com/prodotto/molix-jubarino-cm-5-gr-2-5/
32109,molix,Molix Finder Jerk EVO 90 SP,Mare,17.98,17.98,pescapromo.it,possibile,18.95,,,disponibile,cp_piu_economico,-5.1,https://pescapromo.it/t/esche-artificiali-minnow/molix-finder-jerk-evo-110-sp-suspending-crankbait-11cm-95g,https://clanpesca.com/prodotto/molix-finder-jerk-evo-90-sp/
32481,molix,Molix Supernato Frog R,Spinning e Casting,15.20,15.20,bassstoreitaly.com,famiglia,5.49,,,disponibile,cp_piu_caro,+176.9,https://bassstoreitaly.com/it/molix-supernato-frog-baby-spare-legs,https://clanpesca.com/prodotto/molix-supernato-frog-r/
32506,nories,"Nories Tanny Frog 2""",Spinning e Casting,12.50,12.50,bassstoreitaly.com,possibile,10.49,,,disponibile,cp_piu_caro,+19.2,https://bassstoreitaly.com/it/nories-tanny-frog,https://clanpesca.com/prodotto/nories-tanny-frog-2/
32521,nories,Nories Tanny Frog Popper,Spinning e Casting,12.50,12.50,bassstoreitaly.com,famiglia,10.49,,,disponibile,cp_piu_caro,+19.2,https://bassstoreitaly.com/it/nories-tanny-frog-popper,https://clanpesca.com/prodotto/nories-tanny-frog-popper/
32533,bkk,BKK Trailer Hook,Luccio,4.99,4.99,bassstoreitaly.com,famiglia,4.40,,,disponibile,cp_piu_caro,+13.4,https://bassstoreitaly.com/it/bkk-fishing-hooks-trailer-hook,https://clanpesca.com/prodotto/bkk-trailer-hook/
32533,bkk,BKK Trailer Hook,Luccio,4.99,4.99,pescapromo.it,famiglia,4.95,,,esaurito,cp_piu_caro,+0.8,https://pescapromo.it/t/ami-per-predatori/bkk-trailer-hook-5pcs,https://clanpesca.com/prodotto/bkk-trailer-hook/
32627,hideup,HideUp Coike Fish M Elastomer,Spinning e Casting,18.70,18.70,bassstoreitaly.com,famiglia,19.99,,,disponibile,cp_piu_economico,-6.5,https://bassstoreitaly.com/it/hideup-coike-fish-l-elastomer,https://clanpesca.com/prodotto/hideup-coike-fish-m-elastomer/
32640,hideup,Hideup Judyfish 4.2,Spinning e Casting,11.90,11.90,bassstoreitaly.com,possibile,15.49,,,esaurito,cp_piu_economico,-23.2,https://bassstoreitaly.com/it/hideup-coike-judy-fish,https://clanpesca.com/prodotto/hideup-judyfish-4-2/
33066,keitech,"Keitech Swing Impact FAT 7.8""",Luccio,11.99,11.99,bassstoreitaly.com,possibile,7.99,,,disponibile,cp_piu_caro,+50.1,https://bassstoreitaly.com/it/keitech-swing-impact-fat,https://clanpesca.com/prodotto/keitech-swing-impact-fat-7-8/
33066,keitech,"Keitech Swing Impact FAT 7.8""",Luccio,11.99,11.99,megafish.it,possibile,8.59,,,,cp_piu_caro,+39.6,https://www.megafish.it/soft-baits-artificiali-spinning/1820-keitech-fat-swing-impact.html,https://clanpesca.com/prodotto/keitech-swing-impact-fat-7-8/
33066,keitech,"Keitech Swing Impact FAT 7.8""",Luccio,11.99,11.99,pescapromo.it,possibile,6.49,,,esaurito,cp_piu_caro,+84.7,https://pescapromo.it/t/shads/keitech-swing-impact-fat-3-8-inch-9-6cm,https://clanpesca.com/prodotto/keitech-swing-impact-fat-7-8/
33233,tubertini,Tubertini Canna Maniac 4200 AR Gr 3-12,Canne Trota lago,49.90,49.90,megafish.it,possibile,70.60,,,,cp_piu_economico,-29.3,https://www.megafish.it/canne-da-trota-lago/6698-tubertini-maniac-trout-4200-ar.html,https://clanpesca.com/prodotto/canna-trota-lago-tubertini-maniac-4200-ar-3-12-g/
33299,keitech,Keitech Shad Impact 2″,Mare,7.95,7.95,bassstoreitaly.com,possibile,6.94,,,disponibile,cp_piu_caro,+14.6,https://bassstoreitaly.com/it/keitech-shad-impact,https://clanpesca.com/prodotto/keitech-shad-impact-2%e2%80%b3/
33299,keitech,Keitech Shad Impact 2″,Mare,7.95,7.95,pescapromo.it,possibile,6.49,,,esaurito,cp_piu_caro,+22.5,https://pescapromo.it/t/shads/keitech-swing-impact-fat-3-8-inch-9-6cm,https://clanpesca.com/prodotto/keitech-shad-impact-2%e2%80%b3/
33299,keitech,Keitech Shad Impact 2″,Mare,7.95,7.95,webpesca.it,possibile,8.08,,,esaurito,cp_piu_economico,-1.6,https://www.webpesca.it/shop/artifiiciale-shad-keitech-swing-impact-4-10-cm-black/,https://clanpesca.com/prodotto/keitech-shad-impact-2%e2%80%b3/
33328,keitech,Keitech Shad Impact 3″,Mare,7.95,7.95,bassstoreitaly.com,possibile,6.94,,,disponibile,cp_piu_caro,+14.6,https://bassstoreitaly.com/it/keitech-shad-impact,https://clanpesca.com/prodotto/keitech-shad-impact-3%e2%80%b3/
33328,keitech,Keitech Shad Impact 3″,Mare,7.95,7.95,pescapromo.it,probabile,6.49,,,esaurito,cp_piu_caro,+22.5,https://pescapromo.it/t/shads/keitech-swing-impact-fat-3-8-inch-9-6cm,https://clanpesca.com/prodotto/keitech-shad-impact-3%e2%80%b3/
33328,keitech,Keitech Shad Impact 3″,Mare,7.95,7.95,webpesca.it,possibile,8.08,,,esaurito,cp_piu_economico,-1.6,https://www.webpesca.it/shop/artifiiciale-shad-keitech-swing-impact-4-10-cm-black/,https://clanpesca.com/prodotto/keitech-shad-impact-3%e2%80%b3/
